Ability,Equation,Beta,CI95Low,CI95High,Exposure,Events
Eye,BB/C,0.318166,0.31133,0.325003,590503,53650
Control,BB/C,-0.332053,-0.340539,-0.323567,550665,48391
Control,HBP/C,-0.183413,-0.205064,-0.161763,509476,7202
Contact,SO/C,-0.319508,-0.325988,-0.313028,645215,108362
Stuff,SO/C,0.292498,0.286566,0.298429,606464,104190
Power,HR/nonHR-contact,0.411641,0.402977,0.420305,536853,11910
HRSuppression,HR/nonHR-contact,-0.381629,-0.397185,-0.366073,502274,10749
Contact,nonHR-hit/out,0.093072,0.087718,0.098425,524943,160595
Power,XBH/1B,0.133431,0.124837,0.142025,160595,33036
