Model,Scenario,PA,BBRate,HBPRate,KRate,HRRate,AVG,OBP,SLG,OPS
hierarchical,Neutral,100000,0.075,0.013105999999999994,0.17133299999999999,0.013373999999999999,0.2546842067170087,0.3203509999999999,0.3503685735403456,0.6707195735403455
hierarchical,Power50,100000,0.075,0.013105999999999994,0.17133299999999999,0.0067614160785393175,0.24961529751111763,0.31572869210860305,0.3152517115269868,0.6309804036355898
hierarchical,Power80,100000,0.075,0.013105999999999994,0.17133299999999999,0.028995778479407035,0.26665915897276266,0.3312708871123084,0.4239414014060163,0.7552122885183248
hierarchical,Power95,100000,0.075,0.013105999999999994,0.17133299999999999,0.06499621949232619,0.2942554766957468,0.3564358036659913,0.5801672023304513,0.9366030059964425
hierarchical,Power100,100000,0.075,0.013105999999999994,0.17133299999999999,0.09191962766415936,0.31489374959437233,0.3752557208926105,0.6927966220455413,1.0680523429381519
hierarchical,Power105,100000,0.075,0.013105999999999994,0.17133299999999999,0.14818175800664965,0.3580217663913369,0.41458390064166173,0.9233692559462535,1.3379531565879152
hierarchical,Contact95,100000,0.08560675066268575,0.014959494322468788,0.05414014331472233,0.015265395778170125,0.3722360036662265,0.4353678715143884,0.49965570982977264,0.935023581344161
hierarchical,Eye95,100000,0.22558849703624165,0.010972364494965421,0.14344026598625903,0.01119673453041871,0.25468420671700875,0.4309967528888482,0.3503685735403456,0.7813653264291938
hierarchical,Stuff95,100000,0.054195544144808865,0.009470490687491529,0.4011992136020489,0.009664149431902318,0.17923297481658457,0.2314879568311155,0.2465704588728453,0.4780584157039608
hierarchical,Control95,100000,0.021049098354449795,0.006685359386134377,0.18267602610822364,0.01425941980337345,0.2546842067170088,0.27535513608920587,0.35036857354034573,0.6257237096295516
hierarchical,HRSuppression95,100000,0.075,0.013105999999999994,0.17133299999999999,0.0029257904718182964,0.24667507956013465,0.3130475250004094,0.30872896206206624,0.6217764870624756
hierarchical,Power100_vs_HRSuppression100,100000,0.075,0.013105999999999994,0.17133299999999999,0.01547598425882433,0.2562954932408158,0.3218203225133404,0.3916076660323316,0.713427988545672
hierarchical,Contact100_vs_Stuff100,100000,0.07664667259616492,0.01339375054727116,0.15313909013005061,0.01366763465734813,0.34651258230838455,0.40535286591624897,0.4629568058703231,0.8683096717865721
flat-log-odds,Neutral,100000,0.07500000000000001,0.013106,0.17133300000000004,0.013374000000000006,0.2546842067170088,0.320351,0.35036857354034573,0.6707195735403457
flat-log-odds,Power50,100000,0.07613161746476277,0.013303746379909078,0.17391811220120268,0.006801584541529187,0.24233417927317744,0.31009629762255264,0.30764723557583956,0.6177435331983923
flat-log-odds,Power80,100000,0.07294392172294391,0.012746707174678705,0.166636012540762,0.028820002332121734,0.2770315311646531,0.33898315393230527,0.4350487775833886,0.7740319315156938
flat-log-odds,Power95,100000,0.0691076224177473,0.012076326658759948,0.15787221695599865,0.06446617326205306,0.31841378664943815,0.3737476470853396,0.6062486013571762,0.9799962484425158
flat-log-odds,Power100,100000,0.06651718358243058,0.01162365610708447,0.15195451486304773,0.09139497239289482,0.34612806740979024,0.3972221692717952,0.7269359894100097,1.124158158681805
flat-log-odds,Power105,100000,0.06137138313883751,0.010724444632234724,0.14019924249768595,0.14884891227139874,0.40064214348437344,0.44385334428096307,0.9726570455398843,1.4165103898208473
flat-log-odds,Contact95,100000,0.08439471003037612,0.014747694262108124,0.05337361435493187,0.015049264692616674,0.4141374364590135,0.4722212595934252,0.5498374719515491,1.0220587315449743
flat-log-odds,Eye95,100000,0.22558849703624165,0.010972364494965425,0.14344026598625906,0.011196734530418712,0.2546842067170088,0.43099675288884826,0.35036857354034573,0.781365326429194
flat-log-odds,Stuff95,100000,0.05419554414480886,0.009470490687491532,0.4011992136020489,0.009664149431902318,0.17923297481658462,0.2314879568311155,0.24657045887284532,0.4780584157039608
flat-log-odds,Control95,100000,0.021049098354449795,0.00668535938613438,0.18267602610822367,0.014259419803373455,0.2546842067170088,0.27535513608920587,0.35036857354034573,0.6257237096295516
flat-log-odds,HRSuppression95,100000,0.07579506382698759,0.013244934753553324,0.17314927560892351,0.00291492475512727,0.2460109590662006,0.3131461422006895,0.3078977746103706,0.6210439168110601
flat-log-odds,Power100_vs_HRSuppression100,100000,0.07211547920507227,0.012601939606155698,0.1647434853152353,0.014923912212489926,0.286002460390034,0.3464904889833579,0.4259673277461437,0.7724578167295015
flat-log-odds,Contact100_vs_Stuff100,100000,0.07483878675647992,0.013077828523072346,0.1495269569066416,0.013345252454415505,0.39457767403584976,0.44780435574929156,0.5202906554476581,0.9680950111969496
naive-multiplicative,Neutral,100000,0.075,0.013106,0.17133300000000004,0.013374,0.2546842067170088,0.320351,0.35036857354034573,0.6707195735403457
naive-multiplicative,Power50,100000,0.07640262972472489,0.01335110486896326,0.17453722344835057,0.004208047543921333,0.23937110408832618,0.30764038813627265,0.29524798690575266,0.6028883750420253
naive-multiplicative,Power80,100000,0.07344788963616276,0.012834773887620655,0.16778729700043568,0.02351678362331825,0.27156488116493516,0.3344162034222882,0.411131744853156,0.7455479482754442
naive-multiplicative,Power95,100000,0.07184237478951189,0.012554215519884572,0.16411959466415257,0.03400855667826088,0.2889556378298975,0.3489653575557738,0.4737309928720831,0.8226963504278568
naive-multiplicative,Power100,100000,0.07114138497915674,0.012431719887157711,0.16251822550178485,0.038589408745381464,0.2965262307854088,0.3553177178706814,0.5009818730495508,0.8562995909202322
naive-multiplicative,Power105,100000,0.07013716641078394,0.01225623603972979,0.16022414843545127,0.04515181041915306,0.30734797619191206,0.36441793314769466,0.539935504438358,0.9043534375860527
naive-multiplicative,Contact95,100000,0.09101586072655787,0.015904718275763566,0.010396013643908894,0.016229948284759804,0.42684749556202434,0.48812929319316334,0.5693711065953203,1.0575003997884838
naive-multiplicative,Eye95,100000,0.15595921646718092,0.011958917307006623,0.1563373400703011,0.012203461015100458,0.2546842067170088,0.3798362437975168,0.35036857354034573,0.7302048173378626
naive-multiplicative,Stuff95,100000,0.06242494431652244,0.010908550936164578,0.31027344890747066,0.011131616070522281,0.20860264354030428,0.2666385778232304,0.2869742556717418,0.5536128334949721
naive-multiplicative,Control95,100000,0.004080133690522396,0.0037466845534162197,0.1864164121595397,0.014551388793879075,0.2546842067170088,0.2605176579653717,0.3503685735403457,0.6108862315057173
naive-multiplicative,HRSuppression95,100000,0.07596516014924419,0.013274658518879925,0.17353785045133943,0.0006773053678906614,0.24415309044697733,0.3116047315963511,0.2988002407058718,0.6104049723022229
naive-multiplicative,Power100_vs_HRSuppression100,100000,0.07289187619669224,0.012737612392451313,0.16651711765877164,0.014933124896959188,0.2775956770701915,0.3394547897972576,0.4068229242706823,0.7462777140679399
naive-multiplicative,Contact100_vs_Stuff100,100000,0.07806372002467128,0.013641374861911226,0.15443888639112072,0.013920322554799386,0.3819321937157011,0.4386121605373446,0.5068550765726506,0.9454672371099953
