PlayerID,PlayerName,ProfileVersion,ProfilePosition,Bats,Throws
1,曾子祐,player-profile-v0.1,SS,R,R
2,郭天信,player-profile-v0.1,CF,L,R
3,魔鷹,player-profile-v0.1,1B,L,R
4,張政禹,player-profile-v0.1,SS,L,R
5,劉基鴻,player-profile-v0.1,3B,R,R
6,陳晨威,player-profile-v0.1,CF,L,R
7,李凱威,player-profile-v0.1,2B,L,R
8,范國宸,player-profile-v0.1,1B,R,R
9,馬傑森,player-profile-v0.1,SS,R,R
10,王念好,player-profile-v0.1,3B,R,R
11,潘傑楷,player-profile-v0.1,3B,L,R
12,朱育賢,player-profile-v0.1,1B,L,L
13,吳念庭,player-profile-v0.1,3B,L,R
14,王柏融,player-profile-v0.1,LF,L,R
15,陳聖平,player-profile-v0.1,SS,L,R
16,戴培峰,player-profile-v0.1,C,L,R
17,宋嘉翔,player-profile-v0.1,C,L,R
18,張育成,player-profile-v0.1,SS,R,R
19,劉俊緯,player-profile-v0.1,SS,R,R
20,王威晨,player-profile-v0.1,3B,L,R
21,王博玄,player-profile-v0.1,RF,L,R
22,林子豪,player-profile-v0.1,3B,L,R
23,高宇杰,player-profile-v0.1,C,R,R
24,蘇智傑,player-profile-v0.1,LF,L,R
25,邱智呈,player-profile-v0.1,RF,L,L
26,林子偉,player-profile-v0.1,2B,L,R
27,岳政華,player-profile-v0.1,CF,L,L
28,陳子豪,player-profile-v0.1,RF,L,L
29,林政華,player-profile-v0.1,CF,L,R
30,張仁瑋,player-profile-v0.1,2B,R,R
31,王順和,player-profile-v0.1,CF,R,R
32,黃韋盛,player-profile-v0.1,1B,R,R
33,岳東華,player-profile-v0.1,2B,L,R
34,宋晟睿,player-profile-v0.1,LF,R,R
35,紀慶然,player-profile-v0.1,CF,L,R
36,江坤宇,player-profile-v0.1,SS,R,R
37,陳文杰,player-profile-v0.1,CF,L,R
38,朱迦恩,player-profile-v0.1,LF,L,R
39,陳重羽,player-profile-v0.1,C,R,R
40,李勛傑,player-profile-v0.1,1B,R,R
41,王苡丞,player-profile-v0.1,1B,L,R
42,蔣少宏,player-profile-v0.1,C,R,R
43,曾昱磬,player-profile-v0.1,2B,L,R
44,陳傑憲,player-profile-v0.1,CF,L,R
45,林泓育,player-profile-v0.1,C,R,R
46,林智平,player-profile-v0.1,3B,R,R
47,林澤彬,player-profile-v0.1,2B,L,R
48,孔念恩,player-profile-v0.1,RF,L,R
49,林泓弦,player-profile-v0.1,SS,L,R
50,池恩齊,player-profile-v0.1,SS,L,R
51,詹子賢,player-profile-v0.1,LF,R,R
52,郭阜林,player-profile-v0.1,3B,R,R
53,劉時豪,player-profile-v0.1,C,L,R
54,林辰勳,player-profile-v0.1,C,R,R
55,李丞齡,player-profile-v0.1,RF,R,R
56,劉子杰,player-profile-v0.1,3B,R,R
57,陳俊秀,player-profile-v0.1,1B,R,R
58,申皓瑋,player-profile-v0.1,CF,R,R
59,王政順,player-profile-v0.1,3B,L,R
60,張士綸,player-profile-v0.1,SS,L,R
61,陳世嘉,player-profile-v0.1,C,L,R
62,何品室融,player-profile-v0.1,LF,L,R
63,成晉,player-profile-v0.1,RF,R,R
64,吉力吉撈．鞏冠,player-profile-v0.1,1B,R,R
65,周佳樂,player-profile-v0.1,CF,L,R
66,宋柏翰,player-profile-v0.1,1B,L,R
67,許庭綸,player-profile-v0.1,CF,R,R
68,曾頌恩,player-profile-v0.1,CF,R,R
69,張翔,player-profile-v0.1,C,R,R
70,張皓崴,player-profile-v0.1,SS,L,R
71,董子恩,player-profile-v0.1,3B,R,R
72,張祐嘉,player-profile-v0.1,RF,L,L
73,許基宏,player-profile-v0.1,1B,L,R
74,梁家榮,player-profile-v0.1,3B,L,R
75,嚴宏鈞,player-profile-v0.1,C,L,R
76,蔡佳諺,player-profile-v0.1,CF,R,R
77,林培緯,player-profile-v0.1,1B,R,R
78,劉俊豪,player-profile-v0.1,SS,L,R
79,曾聖安,player-profile-v0.1,CF,L,R
80,葉子霆,player-profile-v0.1,SS,R,R
81,童堉誠,player-profile-v0.1,RF,L,R
82,林靖凱,player-profile-v0.1,2B,R,R
83,高聖恩,player-profile-v0.1,CF,R,R
84,林孝程,player-profile-v0.1,LF,L,R
85,林佳緯,player-profile-v0.1,LF,L,R
86,李宗賢,player-profile-v0.1,SS,R,R
87,顏郁軒,player-profile-v0.1,1B,L,L
88,余德龍,player-profile-v0.1,SS,R,R
89,林立,player-profile-v0.1,RF,R,R
90,陳鏞基,player-profile-v0.1,3B,R,R
91,林書逸,player-profile-v0.1,CF,L,R
92,陳重廷,player-profile-v0.1,SS,R,R
93,林家鋐,player-profile-v0.1,2B,L,R
94,林岱安,player-profile-v0.1,C,R,R
95,藍寅倫,player-profile-v0.1,RF,L,R
96,拿莫．伊漾,player-profile-v0.1,SS,R,R
97,張洺瑀,player-profile-v0.1,LF,L,R
98,林岳谷,player-profile-v0.1,SS,R,R
99,林承飛,player-profile-v0.1,SS,R,R
100,許哲晏,player-profile-v0.1,SS,R,R
101,許賀捷,player-profile-v0.1,2B,L,R
102,邦力多,player-profile-v0.1,RF,L,L
103,李展毅,player-profile-v0.1,1B,R,R
104,張育豪,player-profile-v0.1,C,R,R
105,田子杰,player-profile-v0.1,RF,L,L
106,冉皓燐,player-profile-v0.1,CF,L,R
107,陳統恩,player-profile-v0.1,C,R,R
108,湯家豪,player-profile-v0.1,2B,L,R
109,黃劼希,player-profile-v0.1,3B,R,R
110,陳佳樂,player-profile-v0.1,1B,L,R
111,朱盟,player-profile-v0.1,SS,R,R
112,潘磊,player-profile-v0.1,C,L,R
113,林祖傑,player-profile-v0.1,SS,R,R
114,王勝偉,player-profile-v0.1,SS,R,R
115,張志豪,player-profile-v0.1,CF,L,R
116,胡冠俞,player-profile-v0.1,SS,R,R
117,張趙紘,player-profile-v0.1,2B,R,R
118,張祐銘,player-profile-v0.1,RF,L,R
119,顏清浤,player-profile-v0.1,LF,L,R
120,陳致嘉,player-profile-v0.1,C,R,R
121,陳思仲,player-profile-v0.1,3B,R,R
122,林吳晉瑋,player-profile-v0.1,C,L,R
123,威克,player-profile-v0.1,RF,R,R
124,張閔勛,player-profile-v0.1,C,R,R
125,辛元旭,player-profile-v0.1,3B,R,R
126,李聖裕,player-profile-v0.1,CF,L,R
127,林瑞鈞,player-profile-v0.1,2B,L,R
128,吳明鴻,player-profile-v0.1,C,R,R
129,王正棠,player-profile-v0.1,RF,L,R
130,張進德,player-profile-v0.1,C,L,R
131,王翾祐,player-profile-v0.1,2B,R,R
132,陳九登,player-profile-v0.1,C,R,R
133,郭永維,player-profile-v0.1,2B,R,R
134,何恆佑,player-profile-v0.1,1B,L,R
135,高捷,player-profile-v0.1,2B,L,R
136,戴伯丞,player-profile-v0.1,CF,R,R
137,道威聖,player-profile-v0.1,CF,L,R
138,豊暐,player-profile-v0.1,C,R,R
139,石翔宇,player-profile-v0.1,SS,R,R
140,許博閎,player-profile-v0.1,CF,R,R
141,曾冠傑,player-profile-v0.1,SS,R,R
142,陳真,player-profile-v0.1,LF,R,R
143,柯育民,player-profile-v0.1,C,R,R
144,顏采丞,player-profile-v0.1,C,R,R
145,全紹凱,player-profile-v0.1,2B,L,R
146,杜家明,player-profile-v0.1,3B,R,R
147,歐晉,player-profile-v0.1,1B,L,L
148,楊祥禾,player-profile-v0.1,SS,R,R
149,吳柏萱,player-profile-v0.1,C,R,R
150,高國麟,player-profile-v0.1,1B,R,R
151,董秉軒,player-profile-v0.1,RF,L,R
152,余羿賢,player-profile-v0.1,C,R,R
153,邱邦,player-profile-v0.1,3B,R,R
154,董順傑,player-profile-v0.1,SS,L,R
155,楊泯貽,player-profile-v0.1,SS,R,R
156,黃秉揚,player-profile-v0.1,3B,R,R
157,盧柏華,player-profile-v0.1,C,R,R
158,陳飛霖,player-profile-v0.1,SS,L,R
159,姚冠瑋,player-profile-v0.1,C,R,R
160,＃林哲瑄,player-profile-v0.1,CF,R,R
161,吳承皓,player-profile-v0.1,2B,L,R
162,游承勳,player-profile-v0.1,SS,L,R
163,黃柏豪,player-profile-v0.1,1B,L,R
164,陳琥,player-profile-v0.1,P,L,R
165,吳柏賢,player-profile-v0.1,C,R,R
166,江忠城,player-profile-v0.1,P,R,R
167,劉貴元,player-profile-v0.1,CF,L,R
168,徐博瑋,player-profile-v0.1,C,R,R
169,陳冠偉,player-profile-v0.1,P,R,R
170,林凱威,player-profile-v0.1,P,R,R
171,李建勳,player-profile-v0.1,P,R,R
172,陳冠宇,player-profile-v0.1,P,L,L
173,陳柏清,player-profile-v0.1,P,L,L
174,呂彥青,player-profile-v0.1,P,L,L
175,鍾允華,player-profile-v0.1,P,L,R
176,張奕,player-profile-v0.1,P,R,R
177,林栚呈,player-profile-v0.1,P,R,R
178,廖任磊,player-profile-v0.1,P,R,R
179,林子昱,player-profile-v0.1,P,R,R
180,髙塩將樹,player-profile-v0.1,P,R,R
181,莊昕諺,player-profile-v0.1,P,R,R
182,蘇俊璋,player-profile-v0.1,P,R,R
183,曾峻岳,player-profile-v0.1,P,R,R
184,蔡齊哲,player-profile-v0.1,P,R,R
185,黃群,player-profile-v0.1,P,L,L
186,李振昌,player-profile-v0.1,P,R,R
187,李超,player-profile-v0.1,P,R,R
188,王志煊,player-profile-v0.1,P,L,L
189,邱浩鈞,player-profile-v0.1,P,R,R
190,李其峰,player-profile-v0.1,P,R,R
191,#朱承洋,player-profile-v0.1,P,L,R
192,陳宇宏,player-profile-v0.1,P,R,R
193,林詩翔,player-profile-v0.1,P,L,R
194,許峻暘,player-profile-v0.1,P,L,R
195,李吳永勤,player-profile-v0.1,P,L,L
196,賴鴻誠,player-profile-v0.1,P,L,L
197,林鋅杰,player-profile-v0.1,P,R,R
198,吳承諭,player-profile-v0.1,P,L,R
199,林子崴,player-profile-v0.1,P,L,L
200,王躍霖,player-profile-v0.1,P,R,R
201,施子謙,player-profile-v0.1,P,R,R
202,李軍,player-profile-v0.1,P,L,L
203,李欣穎,player-profile-v0.1,P,R,R
204,韋宏亮,player-profile-v0.1,P,R,R
205,舒治浩,player-profile-v0.1,P,R,R
206,邱駿威,player-profile-v0.1,P,R,R
207,羅戈,player-profile-v0.1,P,R,R
208,鄭澔,player-profile-v0.1,P,L,L
209,王浩原,player-profile-v0.1,P,R,R
210,魔力藍,player-profile-v0.1,P,L,L
211,鋼龍,player-profile-v0.1,P,R,R
212,黃竣彥,player-profile-v0.1,P,R,R
213,艾菩樂,player-profile-v0.1,P,R,R
214,艾速特,player-profile-v0.1,P,L,L
215,勝騎士,player-profile-v0.1,P,R,R
216,獅帝芬,player-profile-v0.1,P,L,R
217,高偉強,player-profile-v0.1,P,R,R
218,王伯洋,player-profile-v0.1,P,L,L
219,趙璟榮,player-profile-v0.1,P,L,R
220,後勁,player-profile-v0.1,P,R,R
221,劉昱言,player-profile-v0.1,P,L,L
222,梅賽鍶,player-profile-v0.1,P,L,L
223,呂偉晟,player-profile-v0.1,P,R,R
224,蔣銲,player-profile-v0.1,P,R,R
225,李東洺,player-profile-v0.1,P,L,R
226,鈴木駿輔,player-profile-v0.1,P,R,R
227,布雷克,player-profile-v0.1,P,R,R
228,黃子鵬,player-profile-v0.1,P,L,R
229,曾家輝,player-profile-v0.1,P,R,R
230,#魔爾曼,player-profile-v0.1,P,R,R
231,江承諺,player-profile-v0.1,P,L,L
232,鄭副豪,player-profile-v0.1,P,R,R
233,喬登,player-profile-v0.1,P,R,R
234,鄭浩均,player-profile-v0.1,P,R,R
235,伍立辰,player-profile-v0.1,P,R,R
236,錢可倫,player-profile-v0.1,P,L,L
237,余謙,player-profile-v0.1,P,R,R
238,伍鐸,player-profile-v0.1,P,R,R
239,魏碩成,player-profile-v0.1,P,L,L
240,許育銘,player-profile-v0.1,P,L,L
241,坎南,player-profile-v0.1,P,R,R
242,銳力獅,player-profile-v0.1,P,R,R
243,威能帝,player-profile-v0.1,P,R,R
244,賴胤豪,player-profile-v0.1,P,R,R
245,魔神龍,player-profile-v0.1,P,L,L
246,陳品宏,player-profile-v0.1,P,R,L
247,德保拉,player-profile-v0.1,P,R,L
248,王凱程,player-profile-v0.1,P,R,R
249,石梓霖,player-profile-v0.1,P,R,R
250,曾品洋,player-profile-v0.1,P,R,R
251,謝榮豪,player-profile-v0.1,P,R,R
252,劉軒荅,player-profile-v0.1,P,R,R
253,林詔恩,player-profile-v0.1,P,L,L
254,陳冠穎,player-profile-v0.1,P,R,R
255,#阿部雄大,player-profile-v0.1,P,L,L
256,張鈞守,player-profile-v0.1,P,R,R
257,吳俊偉,player-profile-v0.1,P,R,R
258,#麥斯威尼,player-profile-v0.1,P,R,R
259,賴智垣,player-profile-v0.1,P,R,R
260,陳克羿,player-profile-v0.1,P,L,R
261,#陳柏豪,player-profile-v0.1,P,R,R
262,江國豪,player-profile-v0.1,P,R,R
263,游竣宥,player-profile-v0.1,P,L,L
264,伍祐城,player-profile-v0.1,P,L,R
265,#黎克,player-profile-v0.1,P,R,R
266,黃暐傑,player-profile-v0.1,P,R,R
267,胡智爲,player-profile-v0.1,P,R,R
268,呂詠臻,player-profile-v0.1,P,R,R
269,盧冠宇,player-profile-v0.1,P,R,R
270,郭俊麟,player-profile-v0.1,P,R,R
271,林子崴,player-profile-v0.1,P,L,L
272,曾仁和,player-profile-v0.1,P,L,R
273,菲力士,player-profile-v0.1,P,R,R
274,威戈神,player-profile-v0.1,P,R,R
275,盧孟揚,player-profile-v0.1,P,L,R
276,郭郁政,player-profile-v0.1,P,R,R
277,陳禹勳,player-profile-v0.1,P,R,R
278,李致霖,player-profile-v0.1,P,R,R
279,黃侰程,player-profile-v0.1,P,L,L
280,吳君奕,player-profile-v0.1,P,L,R
281,張瑞麟,player-profile-v0.1,P,L,L
282,王鏡銘,player-profile-v0.1,P,R,R
283,鄭鈞仁,player-profile-v0.1,P,R,R
284,辛俊昇,player-profile-v0.1,P,L,L
285,劉予承,player-profile-v0.1,P,R,R
286,劉家翔,player-profile-v0.1,P,R,R
287,李柏毓,player-profile-v0.1,P,R,R
288,王維中,player-profile-v0.1,P,L,L
289,陳仕朋,player-profile-v0.1,P,L,L
290,陳正毅,player-profile-v0.1,P,R,R
291,游霆崴,player-profile-v0.1,P,R,R
292,王偉軒,player-profile-v0.1,P,R,R
293,陳暐皓,player-profile-v0.1,P,R,R
294,張宥謙,player-profile-v0.1,P,R,R
295,陳韻文,player-profile-v0.1,P,R,R
296,姚杰宏,player-profile-v0.1,P,R,R
297,黃子豪,player-profile-v0.1,P,R,R
298,謝葆錡,player-profile-v0.1,P,R,R
299,鄧朝駿,player-profile-v0.1,P,R,R
300,林家勝,player-profile-v0.1,P,L,R
301,黃紹睿,player-profile-v0.1,P,R,R
302,陳柏均,player-profile-v0.1,P,L,L
303,林暉盛,player-profile-v0.1,P,R,R
304,楊鈺翔,player-profile-v0.1,P,R,R
305,陳鐿中,player-profile-v0.1,P,L,R
306,林逸達,player-profile-v0.1,P,R,R
307,陳冠豪,player-profile-v0.1,P,R,R
308,王奕翔,player-profile-v0.1,P,R,R
309,#榊原元稀,player-profile-v0.1,P,R,R
310,邱緯綸,player-profile-v0.1,P,L,L
311,江承峰,player-profile-v0.1,P,R,R
312,周彥農,player-profile-v0.1,P,L,R
313,江少慶,player-profile-v0.1,P,R,R
314,瑞克,player-profile-v0.1,1B,L,L
315,鷹俠,player-profile-v0.1,3B,R,R
316,洪一中,player-profile-v0.1,C,R,R
317,王俊郎,player-profile-v0.1,LF,L,L
318,李居明,player-profile-v0.1,LF,R,R
319,林易增,player-profile-v0.1,DH,R,R
320,陳金茂,player-profile-v0.1,1B,R,R
321,林百亨,player-profile-v0.1,DH,R,R
322,何良志,player-profile-v0.1,LF,R,R
323,帝波,player-profile-v0.1,CF,L,L
324,黃煚隆,player-profile-v0.1,CF,L,L
325,孟雷,player-profile-v0.1,2B,S,R
326,羅曼,player-profile-v0.1,CF,R,R
327,林振賢,player-profile-v0.1,LF,R,R
328,宋榮泰,player-profile-v0.1,1B,L,L
329,鄭百勝,player-profile-v0.1,1B,S,L
330,孫昭立,player-profile-v0.1,LF,R,R
331,汪俊良,player-profile-v0.1,2B,R,R
332,涂忠男,player-profile-v0.1,C,R,R
333,馬斯,player-profile-v0.1,1B,R,R
334,李安熙,player-profile-v0.1,1B,R,R
335,余富誠,player-profile-v0.1,LF,R,R
336,王光輝,player-profile-v0.1,1B,R,R
337,郭建霖,player-profile-v0.1,3B,R,R
338,麥克,player-profile-v0.1,SS,R,R
339,陳正中,player-profile-v0.1,1B,R,R
340,努那,player-profile-v0.1,SS,R,R
341,洪正欽,player-profile-v0.1,2B,R,R
342,黃世明,player-profile-v0.1,LF,R,R
343,鄭幸生,player-profile-v0.1,SS,R,R
344,曾智偵,player-profile-v0.1,C,R,R
345,吳俊達,player-profile-v0.1,2B,R,R
346,許錫華,player-profile-v0.1,1B,L,L
347,陳彥成,player-profile-v0.1,C,R,R
348,侯明坤,player-profile-v0.1,3B,R,R
349,吳英偉,player-profile-v0.1,LF,R,R
350,游宗龍,player-profile-v0.1,2B,R,R
351,李坤哲,player-profile-v0.1,LF,L,L
352,姚百川,player-profile-v0.1,RF,R,R
353,黃清文,player-profile-v0.1,LF,R,R
354,陳政賢,player-profile-v0.1,RF,R,R
355,藍文成,player-profile-v0.1,LF,R,R
356,彭裕國,player-profile-v0.1,RF,L,L
357,呂文生,player-profile-v0.1,2B,R,R
358,陳耿佑,player-profile-v0.1,2B,R,R
359,吳林煉,player-profile-v0.1,CF,R,L
360,賴崇光,player-profile-v0.1,C,R,R
361,徐整當,player-profile-v0.1,C,R,R
362,鄧耀華,player-profile-v0.1,RF,L,L
363,周惠盛,player-profile-v0.1,CF,R,R
364,蔣坤珄,player-profile-v0.1,C,R,R
365,羅世幸,player-profile-v0.1,2B,R,R
366,林仲秋,player-profile-v0.1,DH,R,R
367,羅敏卿,player-profile-v0.1,DH,L,L
368,李文傳,player-profile-v0.1,P,R,R
369,寶力,player-profile-v0.1,3B,L,R
370,孫長川,player-profile-v0.1,SS,R,R
371,耿健輝,player-profile-v0.1,LF,R,R
372,江仲豪,player-profile-v0.1,P,L,L
373,蕭浚濠,player-profile-v0.1,C,R,R
374,皮諾,player-profile-v0.1,SS,R,R
375,曹清來,player-profile-v0.1,CF,R,R
376,黃廣琪,player-profile-v0.1,P,R,R
377,陳琦豐,player-profile-v0.1,2B,R,R
378,湯尼,player-profile-v0.1,P,R,R
379,黃武雄,player-profile-v0.1,P,L,L
380,杜福明,player-profile-v0.1,P,R,R
381,黃平洋,player-profile-v0.1,P,R,R
382,派瑞,player-profile-v0.1,P,R,R
383,劉義傳,player-profile-v0.1,P,R,R
384,康明杉,player-profile-v0.1,P,R,R
385,陳逸松,player-profile-v0.1,P,R,R
386,史東,player-profile-v0.1,P,R,R
387,瑞奇,player-profile-v0.1,P,S,L
388,涂鴻欽,player-profile-v0.1,P,R,R
389,翁豐堉,player-profile-v0.1,P,R,R
390,張永昌,player-profile-v0.1,P,R,R
391,賈西,player-profile-v0.1,P,R,R
392,將生,player-profile-v0.1,P,R,R
393,林光宏,player-profile-v0.1,P,R,R
394,李偉,player-profile-v0.1,P,R,R
395,剛烈,player-profile-v0.1,P,R,R
396,謝佳訓,player-profile-v0.1,P,R,R
397,廖照鎔,player-profile-v0.1,P,R,R
398,徐育鉉,player-profile-v0.1,P,R,R
399,郭進興,player-profile-v0.1,P,R,R
400,牛復興,player-profile-v0.1,P,L,L
401,張見發,player-profile-v0.1,P,R,R
402,陳炫琦,player-profile-v0.1,P,R,R
403,大羅曼,player-profile-v0.1,P,R,R
404,童健勝,player-profile-v0.1,P,R,R
405,林琨瑋,player-profile-v0.1,P,R,R
406,李仲弘,player-profile-v0.1,P,L,L
407,李杜宏,player-profile-v0.1,P,R,L
408,陳憲章,player-profile-v0.1,P,R,R
409,塗永樑,player-profile-v0.1,P,R,R
410,葉福榮,player-profile-v0.1,P,L,L
411,黃榮貴,player-profile-v0.1,P,R,R
412,陳世龍,player-profile-v0.1,P,R,R
413,吳復連,player-profile-v0.1,2B,R,R
414,吉彌,player-profile-v0.1,SS,R,R
415,艾勃,player-profile-v0.1,RF,L,L
416,勃朗,player-profile-v0.1,SS,S,R
417,蔡生豐,player-profile-v0.1,RF,R,R
418,百漢,player-profile-v0.1,2B,S,R
419,霸多,player-profile-v0.1,C,S,R
420,查維,player-profile-v0.1,SS,S,R
421,卡羅,player-profile-v0.1,2B,S,R
422,揚戈,player-profile-v0.1,RF,S,R
423,陽介仁,player-profile-v0.1,P,R,R
424,姜財明,player-profile-v0.1,SS,R,R
425,黃嘉育,player-profile-v0.1,LF,R,R
426,陳義信,player-profile-v0.1,P,R,R
427,陳明德,player-profile-v0.1,P,L,L
428,林文城,player-profile-v0.1,P,R,R
429,武侯,player-profile-v0.1,P,R,R
430,謝長亨,player-profile-v0.1,P,R,R
431,凌森,player-profile-v0.1,P,R,R
432,瓊茲,player-profile-v0.1,P,R,R
433,羅魁,player-profile-v0.1,P,R,R
434,葛希,player-profile-v0.1,P,L,L
435,呂明賜,player-profile-v0.1,RF,R,R
436,林克,player-profile-v0.1,2B,R,R
437,克魯茲,player-profile-v0.1,3B,R,R
438,康雷,player-profile-v0.1,2B,R,R
439,愛迪生,player-profile-v0.1,SS,R,R
440,哥雅,player-profile-v0.1,CF,L,L
441,羅維,player-profile-v0.1,C,R,R
442,曾信誠,player-profile-v0.1,C,R,R
443,牛沙勒,player-profile-v0.1,P,R,R
444,李豪,player-profile-v0.1,P,R,R
445,尼洛,player-profile-v0.1,P,L,L
446,鄧肯,player-profile-v0.1,P,R,R
447,羅飛,player-profile-v0.1,P,R,R
448,秘力,player-profile-v0.1,P,R,L
449,強龍,player-profile-v0.1,P,R,R
450,小川宗直,player-profile-v0.1,P,L,L
451,羅克,player-profile-v0.1,P,R,R
452,鮑勃,player-profile-v0.1,P,S,R
453,黃忠義,player-profile-v0.1,2B,R,R
454,廖敏雄,player-profile-v0.1,CF,R,R
455,張文宗,player-profile-v0.1,1B,L,L
456,凱斯,player-profile-v0.1,SS,S,R
457,江泰權,player-profile-v0.1,LF,R,R
458,葛雷諾,player-profile-v0.1,SS,L,R
459,褚志遠,player-profile-v0.1,1B,L,L
460,李聰富,player-profile-v0.1,RF,R,R
461,白昆弘,player-profile-v0.1,C,R,R
462,張天麟,player-profile-v0.1,CF,R,R
463,愛快,player-profile-v0.1,SS,R,R
464,曾貴章,player-profile-v0.1,LF,L,L
465,陳威成,player-profile-v0.1,LF,R,R
466,古勝吉,player-profile-v0.1,SS,R,R
467,張耀騰,player-profile-v0.1,SS,R,R
468,吳思賢,player-profile-v0.1,3B,R,R
469,陳執信,player-profile-v0.1,C,R,R
470,立花義家,player-profile-v0.1,RF,L,L
471,王光熙,player-profile-v0.1,2B,R,R
472,吳哲宗,player-profile-v0.1,RF,R,R
473,陳大順,player-profile-v0.1,1B,R,R
474,黃俊傑,player-profile-v0.1,3B,R,R
475,楊章鑫,player-profile-v0.1,RF,R,R
476,沈俊忠,player-profile-v0.1,LF,R,R
477,張正憲,player-profile-v0.1,C,R,R
478,羅利,player-profile-v0.1,SS,R,R
479,黃文明,player-profile-v0.1,C,R,R
480,來旺,player-profile-v0.1,CF,R,R
481,尤伸評,player-profile-v0.1,C,R,R
482,辣銳,player-profile-v0.1,RF,R,R
483,翔鷹,player-profile-v0.1,SS,R,R
484,阿諾,player-profile-v0.1,SS,R,R
485,陳俊智,player-profile-v0.1,C,R,R
486,陳俊和,player-profile-v0.1,C,R,R
487,卓琨原,player-profile-v0.1,P,R,R
488,祕雷,player-profile-v0.1,3B,R,R
489,凱文,player-profile-v0.1,C,R,R
490,林俊賢,player-profile-v0.1,C,R,R
491,郭建成,player-profile-v0.1,P,R,R
492,矢野和哉,player-profile-v0.1,P,L,L
493,巧福,player-profile-v0.1,P,R,R
494,王漢,player-profile-v0.1,P,R,R
495,林朝煌,player-profile-v0.1,P,R,R
496,野中尊制,player-profile-v0.1,P,R,R
497,狄姆,player-profile-v0.1,P,R,R
498,賴有亮,player-profile-v0.1,P,R,R
499,多情,player-profile-v0.1,P,R,R
500,成田幸洋,player-profile-v0.1,P,R,R
501,廖剛池,player-profile-v0.1,P,R,R
502,捷猛士,player-profile-v0.1,P,L,L
503,捷銳,player-profile-v0.1,P,R,R
504,邁可,player-profile-v0.1,P,S,R
505,邱啟成,player-profile-v0.1,P,R,R
506,蔡明宏,player-profile-v0.1,P,R,R
507,全家福,player-profile-v0.1,P,R,R
508,威爾,player-profile-v0.1,P,L,L
509,史考特,player-profile-v0.1,P,R,R
510,格雷,player-profile-v0.1,P,L,L
511,王傳家,player-profile-v0.1,1B,L,L
512,劉榮華,player-profile-v0.1,P,R,R
513,福來,player-profile-v0.1,P,R,R
514,肯尼,player-profile-v0.1,P,R,R
515,李奇,player-profile-v0.1,P,R,R
516,華力,player-profile-v0.1,P,L,L
517,蔡旭峰,player-profile-v0.1,P,R,L
518,曾政雄,player-profile-v0.1,P,R,R
519,大偉,player-profile-v0.1,P,R,R
520,美樂,player-profile-v0.1,P,R,R
521,菲力普,player-profile-v0.1,P,R,R
522,阿格多,player-profile-v0.1,P,R,R
523,羅威力,player-profile-v0.1,P,L,L
524,路易士,player-profile-v0.1,3B,R,R
525,喬治,player-profile-v0.1,RF,R,R
526,坎沙諾,player-profile-v0.1,RF,R,R
527,林琨瀚,player-profile-v0.1,3B,R,R
528,詹姆士,player-profile-v0.1,3B,R,R
529,羅國璋,player-profile-v0.1,2B,R,R
530,路易,player-profile-v0.1,SS,R,R
531,張建勳,player-profile-v0.1,3B,R,R
532,謝奇勳,player-profile-v0.1,SS,R,R
533,邦尼,player-profile-v0.1,LF,L,L
534,童琮輝,player-profile-v0.1,1B,R,R
535,林光中,player-profile-v0.1,LF,R,R
536,麥雷諾,player-profile-v0.1,SS,R,R
537,利多,player-profile-v0.1,SS,L,R
538,朴仁球,player-profile-v0.1,RF,L,L
539,雷蒙,player-profile-v0.1,3B,R,R
540,大帝士,player-profile-v0.1,SS,S,R
541,查力士,player-profile-v0.1,SS,R,R
542,史塔克,player-profile-v0.1,1B,R,R
543,巴比諾,player-profile-v0.1,P,R,R
544,戰玉飛,player-profile-v0.1,P,R,R
545,克力士,player-profile-v0.1,P,R,R
546,戴瑞,player-profile-v0.1,P,R,R
547,奇戈,player-profile-v0.1,P,R,R
548,韓禧敏,player-profile-v0.1,P,R,R
549,金炯均,player-profile-v0.1,P,R,R
550,黃裕登,player-profile-v0.1,P,R,R
551,黃杉楹,player-profile-v0.1,P,L,L
552,馬力,player-profile-v0.1,P,R,R
553,中井伸之,player-profile-v0.1,P,R,R
554,多力,player-profile-v0.1,P,R,R
555,葉克多,player-profile-v0.1,P,R,R
556,米克森,player-profile-v0.1,P,R,R
557,百力,player-profile-v0.1,P,R,R
558,福哥,player-profile-v0.1,P,R,R
559,安士堡,player-profile-v0.1,P,R,R
560,金鐘國,player-profile-v0.1,P,R,R
561,雷蒙,player-profile-v0.1,P,R,R
562,大地,player-profile-v0.1,P,R,R
563,甘炳勳,player-profile-v0.1,P,L,L
564,長紅,player-profile-v0.1,P,L,L
565,帝孟,player-profile-v0.1,P,R,R
566,克拉馬,player-profile-v0.1,P,R,R
567,摩爾,player-profile-v0.1,P,R,R
568,高明,player-profile-v0.1,P,R,R
569,楊格,player-profile-v0.1,P,R,R
570,麥克,player-profile-v0.1,P,R,R
571,賀亮德,player-profile-v0.1,CF,R,R
572,羅強,player-profile-v0.1,RF,L,R
573,周德賢,player-profile-v0.1,2B,R,R
574,鈴木俊雄,player-profile-v0.1,C,R,R
575,吳俊賢,player-profile-v0.1,C,R,R
576,馬丁,player-profile-v0.1,SS,R,R
577,張協進,player-profile-v0.1,3B,R,R
578,希斯,player-profile-v0.1,LF,L,R
579,孫家濬,player-profile-v0.1,LF,R,R
580,威勒,player-profile-v0.1,SS,R,R
581,董永興,player-profile-v0.1,C,R,R
582,廖述仁,player-profile-v0.1,LF,L,L
583,法蘭克,player-profile-v0.1,2B,L,R
584,米奇,player-profile-v0.1,2B,R,R
585,阿洛瑪,player-profile-v0.1,SS,R,R
586,賓漢,player-profile-v0.1,2B,R,R
587,千代丸亮彦,player-profile-v0.1,1B,R,R
588,飛力,player-profile-v0.1,SS,S,R
589,美樂黑,player-profile-v0.1,CF,R,R
590,劉炳宣,player-profile-v0.1,C,R,R
591,金子勝裕,player-profile-v0.1,LF,R,R
592,雷克,player-profile-v0.1,CF,L,L
593,奧古斯都,player-profile-v0.1,P,R,R
594,黃文博,player-profile-v0.1,P,R,R
595,李維,player-profile-v0.1,P,R,R
596,達瑞,player-profile-v0.1,P,R,R
597,馬力歐,player-profile-v0.1,P,R,R
598,李斯特,player-profile-v0.1,P,R,R
599,阿坡里那,player-profile-v0.1,P,R,R
600,富蘭克林,player-profile-v0.1,P,R,R
601,羅一歐,player-profile-v0.1,P,R,R
602,鈴木健,player-profile-v0.1,P,R,R
603,川島堅,player-profile-v0.1,P,R,R
604,康迪,player-profile-v0.1,P,R,R
605,包威,player-profile-v0.1,P,L,L
606,哈里士,player-profile-v0.1,P,R,R
607,席古拉,player-profile-v0.1,P,R,R
608,強森,player-profile-v0.1,P,R,R
609,華司,player-profile-v0.1,P,L,L
610,費南德茲,player-profile-v0.1,P,R,R
611,艾力,player-profile-v0.1,P,R,R
612,柯林頓,player-profile-v0.1,P,R,R
613,法拉茲,player-profile-v0.1,P,R,R
614,菊地原毅,player-profile-v0.1,P,L,L
615,裘恩,player-profile-v0.1,P,R,R
616,池田郁夫,player-profile-v0.1,P,L,L
617,古登,player-profile-v0.1,P,R,R
618,威迪,player-profile-v0.1,P,L,L
619,愛德華,player-profile-v0.1,P,R,R
620,賀西,player-profile-v0.1,P,L,L
621,弗雷特,player-profile-v0.1,P,R,R
622,雷蒙,player-profile-v0.1,P,R,R
623,馬力龍,player-profile-v0.1,P,L,L
624,古滋曼,player-profile-v0.1,P,R,R
625,坎倍斯,player-profile-v0.1,P,R,R
626,羅賓,player-profile-v0.1,P,L,L
627,司大德,player-profile-v0.1,P,R,R
628,卜瑞生,player-profile-v0.1,P,R,R
629,弗蘭克,player-profile-v0.1,P,R,R
630,陳慶國,player-profile-v0.1,CF,L,L
631,丹尼歐,player-profile-v0.1,3B,R,R
632,陳該發,player-profile-v0.1,RF,R,R
633,羅偉,player-profile-v0.1,3B,S,R
634,張泰山,player-profile-v0.1,DH,R,R
635,開農,player-profile-v0.1,LF,R,R
636,葉君璋,player-profile-v0.1,C,R,R
637,陳瑞昌,player-profile-v0.1,C,R,R
638,陳文賓,player-profile-v0.1,LF,R,R
639,陳懷山,player-profile-v0.1,RF,S,R
640,強尼,player-profile-v0.1,CF,L,R
641,楊福群,player-profile-v0.1,C,R,R
642,黃自強,player-profile-v0.1,2B,R,R
643,張家豪,player-profile-v0.1,RF,L,L
644,邱麒璋,player-profile-v0.1,1B,R,R
645,湯興佐,player-profile-v0.1,SS,L,R
646,達特,player-profile-v0.1,RF,L,R
647,大威,player-profile-v0.1,2B,R,R
648,吳聲武,player-profile-v0.1,C,R,R
649,賈西,player-profile-v0.1,P,R,R
650,勞勃,player-profile-v0.1,P,R,R
651,吳俊良,player-profile-v0.1,P,R,R
652,來加,player-profile-v0.1,P,L,L
653,帝傑,player-profile-v0.1,P,R,R
654,洪佩臻,player-profile-v0.1,P,R,R
655,雷猛,player-profile-v0.1,P,R,R
656,班固,player-profile-v0.1,P,R,R
657,蓋瑞,player-profile-v0.1,P,R,R
658,馬漢,player-profile-v0.1,P,R,R
659,馬丁尼,player-profile-v0.1,P,R,R
660,威利,player-profile-v0.1,P,L,L
661,哈山,player-profile-v0.1,P,R,R
662,柯特,player-profile-v0.1,P,L,L
663,克力,player-profile-v0.1,P,R,R
664,里昂,player-profile-v0.1,P,R,R
665,狄福,player-profile-v0.1,P,R,R
666,威廉,player-profile-v0.1,P,R,R
667,大瑞,player-profile-v0.1,P,S,R
668,梅薩,player-profile-v0.1,P,S,R
669,鍾凱力,player-profile-v0.1,P,R,R
670,魔登,player-profile-v0.1,P,L,L
671,許克勤,player-profile-v0.1,P,R,R
672,王杰,player-profile-v0.1,P,R,R
673,德伍,player-profile-v0.1,CF,L,L
674,帝多,player-profile-v0.1,SS,S,R
675,闕壯鎮,player-profile-v0.1,CF,R,R
676,林岳亮,player-profile-v0.1,2B,R,R
677,羅得,player-profile-v0.1,LF,L,R
678,祈美力,player-profile-v0.1,SS,R,R
679,喬坎那,player-profile-v0.1,RF,L,R
680,克龍,player-profile-v0.1,3B,L,R
681,拉飛力,player-profile-v0.1,SS,R,R
682,陳連宏,player-profile-v0.1,DH,R,R
683,蔡昆祥,player-profile-v0.1,RF,R,R
684,王宸浩,player-profile-v0.1,1B,L,R
685,黃鈞瑜,player-profile-v0.1,C,R,R
686,闕樹木,player-profile-v0.1,1B,R,R
687,奧力偉,player-profile-v0.1,3B,R,R
688,鄭文賢,player-profile-v0.1,2B,R,R
689,王聖徹,player-profile-v0.1,1B,R,R
690,林怡宏,player-profile-v0.1,LF,L,R
691,陳炳男,player-profile-v0.1,CF,R,R
692,何献凡,player-profile-v0.1,3B,R,R
693,傑恩,player-profile-v0.1,3B,R,R
694,卡瑞拉,player-profile-v0.1,C,R,R
695,楊煜堂,player-profile-v0.1,LF,R,R
696,魯賓,player-profile-v0.1,LF,R,R
697,愛力生,player-profile-v0.1,CF,R,R
698,神真水,player-profile-v0.1,C,L,R
699,潘瑞雄,player-profile-v0.1,LF,R,R
700,胡長豪,player-profile-v0.1,CF,R,R
701,張瑋,player-profile-v0.1,2B,R,R
702,奇威,player-profile-v0.1,CF,L,R
703,羅漢,player-profile-v0.1,2B,L,R
704,林鴻遠,player-profile-v0.1,LF,R,R
705,洪啟峰,player-profile-v0.1,RF,R,R
706,展龍,player-profile-v0.1,SS,R,R
707,艾克特,player-profile-v0.1,C,R,R
708,大衛,player-profile-v0.1,LF,L,L
709,鐵布衫,player-profile-v0.1,3B,R,R
710,威格,player-profile-v0.1,C,R,R
711,偉力,player-profile-v0.1,1B,R,R
712,蔡豐安,player-profile-v0.1,1B,R,R
713,豪立業,player-profile-v0.1,1B,R,R
714,強斯,player-profile-v0.1,RF,R,R
715,王保文,player-profile-v0.1,RF,R,R
716,高登,player-profile-v0.1,RF,R,R
717,呂嘉明,player-profile-v0.1,C,R,R
718,林正偉,player-profile-v0.1,2B,L,R
719,武建州,player-profile-v0.1,LF,L,L
720,趙子傑,player-profile-v0.1,3B,R,R
721,李明勳,player-profile-v0.1,2B,R,R
722,劉明吉,player-profile-v0.1,P,L,L
723,戴于程,player-profile-v0.1,3B,L,R
724,葛來克,player-profile-v0.1,2B,R,R
725,龔雷,player-profile-v0.1,1B,R,R
726,卜南波,player-profile-v0.1,1B,R,R
727,伯納德,player-profile-v0.1,RF,R,R
728,陳光輝,player-profile-v0.1,3B,R,R
729,吳俊華,player-profile-v0.1,P,L,L
730,李維拉,player-profile-v0.1,P,R,R
731,范迪拉,player-profile-v0.1,P,R,R
732,丹尼,player-profile-v0.1,P,R,R
733,法西斯,player-profile-v0.1,P,R,R
734,得力旺,player-profile-v0.1,P,R,R
735,勇壯,player-profile-v0.1,P,R,R
736,馬力安,player-profile-v0.1,P,R,R
737,利多,player-profile-v0.1,P,R,R
738,楓康,player-profile-v0.1,P,R,R
739,漢銳,player-profile-v0.1,P,R,R
740,黑金光,player-profile-v0.1,P,R,R
741,胡立安,player-profile-v0.1,P,R,R
742,黃清境,player-profile-v0.1,P,R,R
743,阿里,player-profile-v0.1,P,R,R
744,李逸楠,player-profile-v0.1,P,R,R
745,鐵砂掌,player-profile-v0.1,P,R,R
746,艾伯格,player-profile-v0.1,P,R,R
747,孟雷迪,player-profile-v0.1,P,R,R
748,寶時捷,player-profile-v0.1,P,S,R
749,漢森,player-profile-v0.1,P,R,R
750,力飛諾,player-profile-v0.1,P,R,R
751,強斯頓,player-profile-v0.1,P,R,R
752,費南度,player-profile-v0.1,P,L,L
753,吳俊億,player-profile-v0.1,P,R,R
754,東鈮,player-profile-v0.1,P,R,R
755,派克,player-profile-v0.1,P,R,R
756,趙威,player-profile-v0.1,P,L,L
757,韓勝成,player-profile-v0.1,P,R,R
758,凱瑞,player-profile-v0.1,P,R,L
759,吉爾,player-profile-v0.1,P,R,R
760,馬克,player-profile-v0.1,P,R,R
761,奧斯汀,player-profile-v0.1,P,R,R
762,松永幸男,player-profile-v0.1,P,R,R
763,俠客,player-profile-v0.1,P,R,L
764,荷西,player-profile-v0.1,P,R,R
765,凱斯,player-profile-v0.1,P,R,R
766,吳世賢,player-profile-v0.1,P,L,L
767,郭源治,player-profile-v0.1,P,R,R
768,陶德,player-profile-v0.1,P,R,R
769,馬修,player-profile-v0.1,P,L,L
770,蔡重光,player-profile-v0.1,P,L,L
771,駱拿得,player-profile-v0.1,P,R,R
772,吉福,player-profile-v0.1,P,L,L
773,坎諾特,player-profile-v0.1,P,R,R
774,天寶,player-profile-v0.1,P,R,R
775,劉文貿,player-profile-v0.1,P,R,R
776,史考特,player-profile-v0.1,P,R,R
777,豪傑,player-profile-v0.1,P,R,R
778,賀林,player-profile-v0.1,P,R,R
779,豪帥,player-profile-v0.1,P,R,R
780,聖多士,player-profile-v0.1,P,R,L
781,洛基,player-profile-v0.1,P,L,L
782,林禮雄,player-profile-v0.1,P,R,R
783,葛瑞,player-profile-v0.1,P,L,L
784,阿格西,player-profile-v0.1,P,R,R
785,洪邦政,player-profile-v0.1,P,R,R
786,羅曼,player-profile-v0.1,P,R,R
787,馬修,player-profile-v0.1,P,L,L
788,安收多,player-profile-v0.1,SS,R,R
789,怪力男,player-profile-v0.1,1B,L,R
790,陳瑞振,player-profile-v0.1,3B,R,R
791,泰甘力,player-profile-v0.1,DH,L,L
792,陳宗男,player-profile-v0.1,LF,L,L
793,洪德芳,player-profile-v0.1,3B,R,R
794,布雷特,player-profile-v0.1,LF,L,L
795,黃甘霖,player-profile-v0.1,LF,R,R
796,陳建村,player-profile-v0.1,RF,R,R
797,大德,player-profile-v0.1,DH,R,R
798,松井隆昌,player-profile-v0.1,C,R,R
799,許聖杰,player-profile-v0.1,SS,R,R
800,喬峰,player-profile-v0.1,3B,R,R
801,魔拉,player-profile-v0.1,SS,R,R
802,高正偉,player-profile-v0.1,3B,R,R
803,威力強,player-profile-v0.1,LF,L,L
804,巧克力,player-profile-v0.1,LF,L,R
805,偉恩,player-profile-v0.1,1B,R,R
806,卡內基,player-profile-v0.1,RF,L,R
807,安固,player-profile-v0.1,3B,R,R
808,多力士,player-profile-v0.1,2B,R,R
809,陳谷源,player-profile-v0.1,RF,R,R
810,約瑟,player-profile-v0.1,SS,L,R
811,豪威,player-profile-v0.1,RF,L,L
812,吳柏勳,player-profile-v0.1,C,R,R
813,豪壯,player-profile-v0.1,CF,R,R
814,魔力歐,player-profile-v0.1,SS,L,R
815,卡亞力,player-profile-v0.1,2B,R,R
816,雷歐斯,player-profile-v0.1,3B,R,R
817,邱企彬,player-profile-v0.1,RF,R,R
818,卜連登,player-profile-v0.1,LF,R,R
819,克拉克,player-profile-v0.1,1B,L,L
820,力克強,player-profile-v0.1,2B,L,R
821,吳昭輝,player-profile-v0.1,C,R,R
822,歐峻男,player-profile-v0.1,LF,L,L
823,郭彥柏,player-profile-v0.1,C,R,R
824,雷蒙力,player-profile-v0.1,3B,R,R
825,馮文龍,player-profile-v0.1,3B,R,R
826,陳昭銘,player-profile-v0.1,RF,R,R
827,江怡德,player-profile-v0.1,C,R,R
828,偉來,player-profile-v0.1,3B,R,R
829,郝犀力,player-profile-v0.1,LF,R,R
830,葉泳麟,player-profile-v0.1,SS,R,R
831,貝克,player-profile-v0.1,SS,R,R
832,葉高立,player-profile-v0.1,1B,R,R
833,艾德,player-profile-v0.1,SS,R,R
834,風情,player-profile-v0.1,P,L,L
835,布萊恩,player-profile-v0.1,P,R,R
836,歐力士,player-profile-v0.1,P,L,L
837,安迪,player-profile-v0.1,P,L,L
838,金砂掌,player-profile-v0.1,P,R,R
839,拉斐爾,player-profile-v0.1,P,R,R
840,力拔山,player-profile-v0.1,P,R,R
841,勇豐年,player-profile-v0.1,P,R,R
842,卡洛索,player-profile-v0.1,P,L,L
843,金森隆浩,player-profile-v0.1,P,R,R
844,凱文,player-profile-v0.1,P,R,R
845,哈特曼,player-profile-v0.1,P,L,L
846,卡瑞亞,player-profile-v0.1,P,R,R
847,郝恩,player-profile-v0.1,P,R,R
848,高建三,player-profile-v0.1,P,R,R
849,阿沙力,player-profile-v0.1,P,R,R
850,溫克龍,player-profile-v0.1,P,R,R
851,寶力多,player-profile-v0.1,P,L,L
852,戴龍水,player-profile-v0.1,P,R,R
853,風神,player-profile-v0.1,P,R,R
854,霸龍,player-profile-v0.1,P,L,L
855,凱爾,player-profile-v0.1,P,R,L
856,馬雅,player-profile-v0.1,P,R,R
857,蕭任汶,player-profile-v0.1,P,R,R
858,胡力安,player-profile-v0.1,P,R,R
859,大衛,player-profile-v0.1,P,L,L
860,豪野,player-profile-v0.1,P,R,R
861,山力哥,player-profile-v0.1,P,R,R
862,艾帝一,player-profile-v0.1,P,L,L
863,由你卡,player-profile-v0.1,P,L,L
864,麥達斯,player-profile-v0.1,P,L,L
865,葉多力,player-profile-v0.1,P,R,R
866,阿諾,player-profile-v0.1,P,R,R
867,達利,player-profile-v0.1,P,R,R
868,陳俊傑,player-profile-v0.1,P,R,R
869,龐德,player-profile-v0.1,P,R,R
870,布朗,player-profile-v0.1,P,R,R
871,克雷格,player-profile-v0.1,P,R,R
872,阿奇力,player-profile-v0.1,P,R,R
873,石力夫,player-profile-v0.1,P,R,R
874,薛富中,player-profile-v0.1,P,R,R
875,拿坡里,player-profile-v0.1,P,L,L
876,特雷斯,player-profile-v0.1,P,R,R
877,賀斯,player-profile-v0.1,P,L,L
878,理查,player-profile-v0.1,P,R,R
879,馬力足,player-profile-v0.1,P,R,R
880,法拉利,player-profile-v0.1,P,L,L
881,安東尼奧,player-profile-v0.1,P,R,R
882,史密斯,player-profile-v0.1,P,R,R
883,馬歇爾,player-profile-v0.1,P,R,R
884,史密茲,player-profile-v0.1,P,R,R
885,百樂,player-profile-v0.1,SS,S,R
886,朋馳,player-profile-v0.1,SS,R,R
887,亞力士,player-profile-v0.1,1B,R,R
888,劉忠岳,player-profile-v0.1,C,R,R
889,王霆曜,player-profile-v0.1,C,R,R
890,任志偉,player-profile-v0.1,1B,R,R
891,潘志強,player-profile-v0.1,P,R,R
892,林明憲,player-profile-v0.1,LF,L,L
893,羅倫,player-profile-v0.1,LF,R,R
894,唐尼,player-profile-v0.1,SS,R,R
895,羅松永,player-profile-v0.1,LF,R,R
896,陳宗甫,player-profile-v0.1,3B,R,R
897,楊啟鑫,player-profile-v0.1,3B,L,R
898,馬丁尼,player-profile-v0.1,2B,R,R
899,許皓銘,player-profile-v0.1,RF,L,R
900,吳佳榮,player-profile-v0.1,CF,R,R
901,周森毅,player-profile-v0.1,3B,R,R
902,羅尼,player-profile-v0.1,RF,L,L
903,藍迪,player-profile-v0.1,1B,R,R
904,楊松弦,player-profile-v0.1,CF,L,L
905,百吉,player-profile-v0.1,RF,R,R
906,蔡青峰,player-profile-v0.1,2B,R,R
907,山姆,player-profile-v0.1,1B,L,R
908,柯建鋒,player-profile-v0.1,CF,S,R
909,麥海奇,player-profile-v0.1,SS,R,R
910,堡吉,player-profile-v0.1,3B,R,R
911,巴威特,player-profile-v0.1,2B,L,R
912,蕭雲東,player-profile-v0.1,RF,R,R
913,郭一峰,player-profile-v0.1,C,R,R
914,羅克,player-profile-v0.1,3B,R,R
915,布魯諾,player-profile-v0.1,2B,R,R
916,蘇煒智,player-profile-v0.1,2B,R,R
917,陳威志,player-profile-v0.1,1B,L,L
918,王志偉,player-profile-v0.1,3B,R,R
919,馬丁,player-profile-v0.1,3B,R,R
920,岡薩力士,player-profile-v0.1,DH,R,R
921,浮士德,player-profile-v0.1,SS,R,R
922,馮勝賢,player-profile-v0.1,2B,R,R
923,潘忠勳,player-profile-v0.1,2B,R,R
924,陳俊義,player-profile-v0.1,3B,R,R
925,黃貴裕,player-profile-v0.1,RF,R,R
926,狄亞士,player-profile-v0.1,SS,R,R
927,日耳曼,player-profile-v0.1,3B,L,L
928,羅培茲,player-profile-v0.1,2B,R,R
929,盧詩清,player-profile-v0.1,2B,R,R
930,蒲慶哲,player-profile-v0.1,C,R,R
931,金百力,player-profile-v0.1,3B,R,R
932,羅貝托,player-profile-v0.1,RF,R,R
933,賀德,player-profile-v0.1,1B,R,R
934,李錦華,player-profile-v0.1,1B,L,L
935,湯瑪仕,player-profile-v0.1,RF,R,R
936,喬比,player-profile-v0.1,3B,R,R
937,荷西,player-profile-v0.1,P,R,R
938,馬來寶,player-profile-v0.1,P,R,R
939,吉福,player-profile-v0.1,P,R,R
940,麥特,player-profile-v0.1,P,R,R
941,柏格,player-profile-v0.1,P,L,L
942,巴雷納,player-profile-v0.1,P,R,R
943,羽根川竜,player-profile-v0.1,P,L,L
944,馬奇,player-profile-v0.1,P,L,L
945,郭李建夫,player-profile-v0.1,P,R,R
946,曹竣崵,player-profile-v0.1,P,R,R
947,李查,player-profile-v0.1,P,R,R
948,張士凱,player-profile-v0.1,P,L,L
949,高龍偉,player-profile-v0.1,P,R,R
950,何利西,player-profile-v0.1,P,R,R
951,金德七,player-profile-v0.1,P,R,R
952,肯尼,player-profile-v0.1,P,R,R
953,雷米茲,player-profile-v0.1,P,R,R
954,凱力,player-profile-v0.1,P,R,R
955,艾巴勒,player-profile-v0.1,P,L,L
956,葛文,player-profile-v0.1,P,R,R
957,王勁力,player-profile-v0.1,P,R,R
958,胡立歐,player-profile-v0.1,P,R,R
959,格梅斯,player-profile-v0.1,P,R,R
960,賀福來,player-profile-v0.1,P,L,L
961,安曼多,player-profile-v0.1,P,R,R
962,白坂勝史,player-profile-v0.1,P,L,L
963,郝男多,player-profile-v0.1,P,R,R
964,麥克,player-profile-v0.1,P,L,L
965,寶龍,player-profile-v0.1,P,R,R
966,哈威爾,player-profile-v0.1,P,R,R
967,李威,player-profile-v0.1,P,R,R
968,魔力龍,player-profile-v0.1,P,L,L
969,奇門士,player-profile-v0.1,P,R,R
970,安東尼,player-profile-v0.1,P,L,L
971,阿力奇,player-profile-v0.1,P,L,L
972,艾比盈,player-profile-v0.1,P,R,R
973,高天笑,player-profile-v0.1,P,R,R
974,足利豊,player-profile-v0.1,P,R,R
975,銳奇,player-profile-v0.1,P,R,R
976,威倫,player-profile-v0.1,P,R,R
977,喬葛來,player-profile-v0.1,P,R,R
978,范野速,player-profile-v0.1,P,R,R
979,凱撒,player-profile-v0.1,P,R,R
980,何紀賢,player-profile-v0.1,P,L,L
981,奧斯卡,player-profile-v0.1,P,R,R
982,法蘭西,player-profile-v0.1,P,R,R
983,伍森,player-profile-v0.1,P,R,R
984,謝承勳,player-profile-v0.1,P,L,L
985,特力,player-profile-v0.1,P,L,L
986,拉法葉,player-profile-v0.1,P,R,R
987,小島圭市,player-profile-v0.1,P,L,L
988,柳裕展,player-profile-v0.1,P,R,R
989,麥克,player-profile-v0.1,P,R,R
990,克瑞,player-profile-v0.1,P,R,R
991,宮下大輔,player-profile-v0.1,P,R,R
992,柏林登,player-profile-v0.1,P,R,R
993,鄭兆行,player-profile-v0.1,3B,R,R
994,曾華偉,player-profile-v0.1,CF,R,R
995,石金受,player-profile-v0.1,C,R,R
996,李志傑,player-profile-v0.1,LF,R,R
997,王金勇,player-profile-v0.1,3B,R,R
998,張家浩,player-profile-v0.1,2B,L,R
999,許閔嵐,player-profile-v0.1,1B,L,L
1000,高健龍,player-profile-v0.1,LF,R,R
1001,郭博承,player-profile-v0.1,SS,R,R
1002,周正雄,player-profile-v0.1,2B,R,R
1003,施昭同,player-profile-v0.1,C,R,R
1004,高政華,player-profile-v0.1,C,R,R
1005,陳健偉,player-profile-v0.1,1B,L,R
1006,羅薩,player-profile-v0.1,P,R,R
1007,宋肇基,player-profile-v0.1,P,R,R
1008,謝光勇,player-profile-v0.1,P,R,R
1009,有働克也,player-profile-v0.1,P,R,R
1010,矢野正之,player-profile-v0.1,P,R,R
1011,郭耀文,player-profile-v0.1,P,L,L
1012,林朝揚,player-profile-v0.1,P,R,R
1013,邱國正,player-profile-v0.1,P,R,R
1014,曾翊誠,player-profile-v0.1,P,R,R
1015,鍾宇政,player-profile-v0.1,P,R,R
1016,鄭昌明,player-profile-v0.1,SS,R,R
1017,彭政閔,player-profile-v0.1,1B,R,R
1018,米樂,player-profile-v0.1,SS,R,R
1019,紀俊麟,player-profile-v0.1,CF,R,R
1020,陳致遠,player-profile-v0.1,LF,R,R
1021,曾揚志,player-profile-v0.1,1B,R,R
1022,鄭漢禮,player-profile-v0.1,C,R,R
1023,陳揚凱,player-profile-v0.1,P,R,R
1024,威森,player-profile-v0.1,P,R,R
1025,養父鉄,player-profile-v0.1,P,R,R
1026,斉藤肇,player-profile-v0.1,P,R,R
1027,多明哥,player-profile-v0.1,P,R,R
1028,郭勇志,player-profile-v0.1,P,R,R
1029,喬登,player-profile-v0.1,P,L,L
1030,帝猛,player-profile-v0.1,P,R,L
1031,保樂,player-profile-v0.1,P,R,R
1032,賀南多,player-profile-v0.1,P,R,R
1033,邱信邦,player-profile-v0.1,P,L,L
1034,萬建榮,player-profile-v0.1,P,R,R
1035,莊旻哲,player-profile-v0.1,P,R,R
1036,羅仁成,player-profile-v0.1,P,R,R
1037,曾漢州,player-profile-v0.1,DH,L,R
1038,曾揚岳,player-profile-v0.1,1B,R,R
1039,黃信福,player-profile-v0.1,2B,R,R
1040,林宗毅,player-profile-v0.1,SS,R,R
1041,杉山直樹,player-profile-v0.1,C,R,R
1042,安生,player-profile-v0.1,1B,R,R
1043,朱鴻森,player-profile-v0.1,2B,R,R
1044,葉高泉,player-profile-v0.1,C,R,R
1045,郭岱詠,player-profile-v0.1,RF,R,R
1046,中山裕章,player-profile-v0.1,P,R,R
1047,中込伸,player-profile-v0.1,P,R,R
1048,蔡仲南,player-profile-v0.1,P,R,R
1049,前田克拓,player-profile-v0.1,P,R,R
1050,沈柏蒼,player-profile-v0.1,P,R,R
1051,小桧山雅仁,player-profile-v0.1,P,R,R
1052,喬伊,player-profile-v0.1,P,R,R
1053,魔銳,player-profile-v0.1,P,R,R
1054,顏子堯,player-profile-v0.1,P,R,R
1055,楊仁明,player-profile-v0.1,P,R,R
1056,王坤堯,player-profile-v0.1,P,R,R
1057,顏暉弦,player-profile-v0.1,P,R,R
1058,路易士,player-profile-v0.1,P,L,L
1059,陳興昌,player-profile-v0.1,P,L,L
1060,龍瑞,player-profile-v0.1,P,R,R
1061,摩塔,player-profile-v0.1,P,R,R
1062,丹尼,player-profile-v0.1,P,L,L
1063,拉飛爾,player-profile-v0.1,P,R,R
1064,謝佳賢,player-profile-v0.1,CF,L,L
1065,吳承翰,player-profile-v0.1,LF,S,R
1066,鄭景益,player-profile-v0.1,1B,L,L
1067,林義翔,player-profile-v0.1,2B,R,R
1068,吉見宏明,player-profile-v0.1,2B,L,R
1069,丘昌榮,player-profile-v0.1,LF,R,R
1070,黃龍義,player-profile-v0.1,CF,R,R
1071,潘忠韋,player-profile-v0.1,1B,R,R
1072,黃高俊,player-profile-v0.1,CF,R,R
1073,蔡昱詳,player-profile-v0.1,1B,L,L
1074,陳峰民,player-profile-v0.1,C,R,R
1075,張琮貴,player-profile-v0.1,3B,R,R
1076,王俊文,player-profile-v0.1,2B,R,R
1077,郭昌庭,player-profile-v0.1,1B,R,R
1078,柯良宗,player-profile-v0.1,C,R,R
1079,呂俊雄,player-profile-v0.1,LF,R,R
1080,許堯淵,player-profile-v0.1,RF,R,R
1081,陳昭穎,player-profile-v0.1,C,R,R
1082,陳保宏,player-profile-v0.1,LF,R,R
1083,葉成龍,player-profile-v0.1,3B,R,R
1084,邱新勇,player-profile-v0.1,SS,R,R
1085,陳世峰,player-profile-v0.1,C,R,R
1086,林建良,player-profile-v0.1,SS,R,R
1087,許志豪,player-profile-v0.1,C,R,R
1088,鄞明村,player-profile-v0.1,RF,R,R
1089,林建宏,player-profile-v0.1,SS,R,R
1090,王子菘,player-profile-v0.1,2B,R,R
1091,李以寶,player-profile-v0.1,RF,R,R
1092,邱敏舜,player-profile-v0.1,3B,S,R
1093,陳志明,player-profile-v0.1,CF,R,R
1094,楊睿智,player-profile-v0.1,RF,L,R
1095,陳柏勳,player-profile-v0.1,3B,R,R
1096,歐斯納,player-profile-v0.1,SS,L,R
1097,亞士達,player-profile-v0.1,SS,R,R
1098,湯登凱,player-profile-v0.1,C,R,R
1099,美樂,player-profile-v0.1,3B,L,R
1100,蔡士凡,player-profile-v0.1,RF,R,R
1101,野野垣武,player-profile-v0.1,SS,R,R
1102,莊景賀,player-profile-v0.1,SS,R,R
1103,楊進雄,player-profile-v0.1,RF,L,R
1104,陳麒元,player-profile-v0.1,C,R,R
1105,笹川隆,player-profile-v0.1,C,R,R
1106,卡巴傑洛,player-profile-v0.1,SS,R,R
1107,馬丁,player-profile-v0.1,2B,R,R
1108,許文雄,player-profile-v0.1,P,R,R
1109,李風華,player-profile-v0.1,P,R,R
1110,余文彬,player-profile-v0.1,P,R,R
1111,李明進,player-profile-v0.1,P,R,R
1112,蔡士勤,player-profile-v0.1,P,R,R
1113,楊騏嘉,player-profile-v0.1,P,R,R
1114,飛勇,player-profile-v0.1,P,L,L
1115,葉賢文,player-profile-v0.1,P,R,R
1116,潘威倫,player-profile-v0.1,P,R,R
1117,陳志誠,player-profile-v0.1,P,R,R
1118,豐偌暉,player-profile-v0.1,P,R,R
1119,横田久則,player-profile-v0.1,P,R,R
1120,梁如豪,player-profile-v0.1,P,R,R
1121,高力歐,player-profile-v0.1,P,L,L
1122,陽建福,player-profile-v0.1,P,R,R
1123,巴比,player-profile-v0.1,P,R,R
1124,威森,player-profile-v0.1,P,R,R
1125,安智輝,player-profile-v0.1,P,R,R
1126,雅哥,player-profile-v0.1,P,R,R
1127,畢可,player-profile-v0.1,P,R,R
1128,陸磊,player-profile-v0.1,P,R,R
1129,馬丁尼,player-profile-v0.1,P,R,R
1130,威廉斯,player-profile-v0.1,P,R,R
1131,潘尼亞,player-profile-v0.1,P,L,L
1132,薛伯特,player-profile-v0.1,P,R,R
1133,麥克,player-profile-v0.1,P,R,R
1134,尹景熙,player-profile-v0.1,P,R,R
1135,郭文居,player-profile-v0.1,P,R,R
1136,陳世斌,player-profile-v0.1,P,R,R
1137,金東鎬,player-profile-v0.1,P,R,R
1138,部坂俊之,player-profile-v0.1,P,R,R
1139,蘇立偉,player-profile-v0.1,P,R,R
1140,吳潤岩,player-profile-v0.1,P,R,R
1141,賀南德茲,player-profile-v0.1,P,L,L
1142,今井圭吾,player-profile-v0.1,P,R,R
1143,彼得,player-profile-v0.1,P,R,R
1144,羅培茲,player-profile-v0.1,P,R,R
1145,孟憲政,player-profile-v0.1,P,R,R
1146,黃欽智,player-profile-v0.1,P,L,L
1147,李麥克,player-profile-v0.1,P,R,R
1148,卡馬爾,player-profile-v0.1,P,R,R
1149,張志強,player-profile-v0.1,P,R,R
1150,王志忠,player-profile-v0.1,P,L,L
1151,卡文,player-profile-v0.1,P,R,R
1152,藍迪,player-profile-v0.1,P,R,R
1153,金京泰,player-profile-v0.1,P,L,L
1154,崔東進,player-profile-v0.1,P,R,R
1155,史帝文生,player-profile-v0.1,P,L,L
1156,陽森,player-profile-v0.1,2B,S,R
1157,石志偉,player-profile-v0.1,1B,R,R
1158,高國慶,player-profile-v0.1,1B,R,R
1159,陽東益,player-profile-v0.1,SS,R,R
1160,王宜民,player-profile-v0.1,2B,R,R
1161,蔡建偉,player-profile-v0.1,LF,L,L
1162,陳嘉宏,player-profile-v0.1,3B,R,R
1163,曾豪駒,player-profile-v0.1,LF,R,R
1164,林智勝,player-profile-v0.1,1B,R,R
1165,鄧蒔陽,player-profile-v0.1,1B,L,R
1166,劉芙豪,player-profile-v0.1,RF,R,R
1167,張民諺,player-profile-v0.1,1B,L,R
1168,張建銘,player-profile-v0.1,RF,L,L
1169,威力斯,player-profile-v0.1,SS,R,R
1170,陳元甲,player-profile-v0.1,CF,R,R
1171,陳克帆,player-profile-v0.1,C,R,R
1172,葉長龍,player-profile-v0.1,CF,L,L
1173,余進德,player-profile-v0.1,2B,R,R
1174,汪天祥,player-profile-v0.1,RF,R,R
1175,王信民,player-profile-v0.1,C,R,R
1176,索沙,player-profile-v0.1,3B,R,R
1177,施翔凱,player-profile-v0.1,2B,R,R
1178,米西亞,player-profile-v0.1,2B,R,R
1179,魔拉,player-profile-v0.1,C,R,R
1180,桑坦那,player-profile-v0.1,3B,R,R
1181,賈西亞,player-profile-v0.1,3B,R,R
1182,王世驊,player-profile-v0.1,2B,R,R
1183,艾弗勒斯,player-profile-v0.1,RF,L,L
1184,李軾揚,player-profile-v0.1,LF,R,R
1185,納瓦,player-profile-v0.1,3B,R,R
1186,彭政欣,player-profile-v0.1,LF,R,R
1187,沈亞倫,player-profile-v0.1,1B,L,L
1188,王國進,player-profile-v0.1,P,R,R
1189,達威,player-profile-v0.1,P,R,R
1190,林英傑,player-profile-v0.1,P,L,L
1191,貝力,player-profile-v0.1,P,R,R
1192,阿波羅,player-profile-v0.1,P,R,R
1193,克萊柏,player-profile-v0.1,P,R,R
1194,吉龍,player-profile-v0.1,P,R,R
1195,莊瑋全,player-profile-v0.1,P,R,R
1196,徐余偉,player-profile-v0.1,P,L,L
1197,吳偲佑,player-profile-v0.1,P,L,L
1198,萊特,player-profile-v0.1,P,R,R
1199,曾孟承,player-profile-v0.1,P,R,R
1200,馬奎茲,player-profile-v0.1,P,R,R
1201,新楓康,player-profile-v0.1,P,R,R
1202,入来智,player-profile-v0.1,P,R,R
1203,丹尼,player-profile-v0.1,P,R,R
1204,許竹見,player-profile-v0.1,P,R,R
1205,羅健銘,player-profile-v0.1,P,L,L
1206,金勇,player-profile-v0.1,P,R,R
1207,鐵木真,player-profile-v0.1,P,L,L
1208,小吉龍,player-profile-v0.1,P,R,R
1209,萊恩斯,player-profile-v0.1,P,R,R
1210,卡洛斯,player-profile-v0.1,P,R,R
1211,邏逤,player-profile-v0.1,P,R,R
1212,劉俊男,player-profile-v0.1,P,R,R
1213,金猛,player-profile-v0.1,P,L,L
1214,雷諾,player-profile-v0.1,P,L,L
1215,里拉,player-profile-v0.1,P,R,R
1216,艾瓦多,player-profile-v0.1,P,R,R
1217,費加洛,player-profile-v0.1,P,R,R
1218,曼尼,player-profile-v0.1,P,R,R
1219,泰勇,player-profile-v0.1,P,R,R
1220,好楓康,player-profile-v0.1,P,R,R
1221,石川雅実,player-profile-v0.1,P,L,L
1222,馬力,player-profile-v0.1,P,L,L
1223,捷豹,player-profile-v0.1,P,R,R
1224,巴帝斯,player-profile-v0.1,P,L,L
1225,李俊,player-profile-v0.1,P,L,L
1226,阿諾,player-profile-v0.1,P,R,R
1227,席瓦,player-profile-v0.1,P,R,R
1228,拓霸,player-profile-v0.1,P,R,R
1229,奇戈,player-profile-v0.1,P,R,R
1230,傑森,player-profile-v0.1,P,R,R
1231,蔡家宏,player-profile-v0.1,P,R,R
1232,野村貴仁,player-profile-v0.1,P,L,L
1233,艾斯巴達,player-profile-v0.1,P,R,R
1234,邏迓,player-profile-v0.1,P,R,R
1235,吳保賢,player-profile-v0.1,P,R,R
1236,威納斯,player-profile-v0.1,3B,R,R
1237,許國隆,player-profile-v0.1,1B,R,R
1238,郭銘仁,player-profile-v0.1,SS,L,R
1239,高志綱,player-profile-v0.1,C,R,R
1240,郭岱琦,player-profile-v0.1,LF,L,R
1241,羅德里茲,player-profile-v0.1,3B,R,R
1242,余賢明,player-profile-v0.1,LF,S,L
1243,馬力歐,player-profile-v0.1,CF,R,R
1244,王建強,player-profile-v0.1,1B,R,R
1245,張家源,player-profile-v0.1,SS,R,R
1246,施金典,player-profile-v0.1,3B,L,R
1247,陳家偉,player-profile-v0.1,3B,R,R
1248,蓋達,player-profile-v0.1,RF,R,R
1249,林馴偉,player-profile-v0.1,CF,R,R
1250,吳修帆,player-profile-v0.1,3B,R,R
1251,林克,player-profile-v0.1,RF,R,R
1252,黃小偉,player-profile-v0.1,1B,R,R
1253,尼爾森,player-profile-v0.1,2B,R,R
1254,鄭達鴻,player-profile-v0.1,C,L,R
1255,迪歐,player-profile-v0.1,2B,S,R
1256,查理,player-profile-v0.1,RF,R,R
1257,黃泰龍,player-profile-v0.1,3B,R,R
1258,周思齊,player-profile-v0.1,LF,L,L
1259,王俊仁,player-profile-v0.1,C,R,R
1260,許傳誠,player-profile-v0.1,C,R,R
1261,石彥緯,player-profile-v0.1,CF,R,R
1262,陳俊輝,player-profile-v0.1,C,R,R
1263,沈鈺傑,player-profile-v0.1,P,L,L
1264,朱尉銘,player-profile-v0.1,P,R,R
1265,林岳平,player-profile-v0.1,P,R,R
1266,林恩宇,player-profile-v0.1,P,R,R
1267,許志華,player-profile-v0.1,P,R,R
1268,米力威,player-profile-v0.1,P,R,R
1269,武藤潤一郎,player-profile-v0.1,P,R,R
1270,顏淳浩,player-profile-v0.1,P,L,L
1271,林登,player-profile-v0.1,P,R,R
1272,杜章偉,player-profile-v0.1,P,R,R
1273,克林頓,player-profile-v0.1,P,R,R
1274,李國慶,player-profile-v0.1,P,R,R
1275,韋德,player-profile-v0.1,P,R,R
1276,武德曼,player-profile-v0.1,P,R,R
1277,神龍,player-profile-v0.1,P,R,R
1278,派瑞克,player-profile-v0.1,P,R,R
1279,田家安,player-profile-v0.1,P,L,L
1280,克提茲,player-profile-v0.1,P,R,R
1281,樂米,player-profile-v0.1,P,R,R
1282,莊宏亮,player-profile-v0.1,P,R,R
1283,林士欽,player-profile-v0.1,P,R,R
1284,霍格斯,player-profile-v0.1,P,R,R
1285,拉米瑞茲,player-profile-v0.1,P,R,R
1286,西爾法,player-profile-v0.1,P,R,R
1287,冰奇,player-profile-v0.1,P,L,L
1288,馬吉力,player-profile-v0.1,P,R,R
1289,班尼歐,player-profile-v0.1,P,R,R
1290,賈西亞,player-profile-v0.1,P,R,R
1291,博德,player-profile-v0.1,P,R,R
1292,恩洛德,player-profile-v0.1,P,R,R
1293,佐藤秀樹,player-profile-v0.1,P,R,R
1294,成本年秀,player-profile-v0.1,P,R,R
1295,山崎友和,player-profile-v0.1,P,R,R
1296,史考特,player-profile-v0.1,P,R,R
1297,黑拔都,player-profile-v0.1,P,R,R
1298,凱特,player-profile-v0.1,P,R,R
1299,力拿,player-profile-v0.1,P,R,R
1300,萬能,player-profile-v0.1,P,R,R
1301,崔勒,player-profile-v0.1,P,R,R
1302,比克,player-profile-v0.1,P,L,L
1303,許志昌,player-profile-v0.1,P,R,R
1304,廖于誠,player-profile-v0.1,P,R,R
1305,陳金鋒,player-profile-v0.1,DH,R,R
1306,蘇建榮,player-profile-v0.1,CF,R,R
1307,林宗男,player-profile-v0.1,3B,R,R
1308,陳冠任,player-profile-v0.1,LF,L,L
1309,蔣智聰,player-profile-v0.1,2B,R,R
1310,劉耿欣,player-profile-v0.1,SS,R,R
1311,高瑋,player-profile-v0.1,1B,R,R
1312,路易,player-profile-v0.1,SS,S,R
1313,高俊強,player-profile-v0.1,3B,R,R
1314,湯姆,player-profile-v0.1,LF,L,L
1315,邱俊文,player-profile-v0.1,2B,R,R
1316,黃正偉,player-profile-v0.1,CF,R,R
1317,洛可,player-profile-v0.1,RF,L,L
1318,貝茲,player-profile-v0.1,3B,L,R
1319,貝克,player-profile-v0.1,1B,R,R
1320,賈西亞,player-profile-v0.1,3B,R,R
1321,楊博壬,player-profile-v0.1,2B,R,R
1322,陳永哲,player-profile-v0.1,2B,R,R
1323,陳致鵬,player-profile-v0.1,RF,R,R
1324,許峰賓,player-profile-v0.1,CF,S,R
1325,陳智弘,player-profile-v0.1,C,R,R
1326,田顯明,player-profile-v0.1,P,R,R
1327,布雷,player-profile-v0.1,3B,R,R
1328,王志榮,player-profile-v0.1,1B,L,L
1329,翁再生,player-profile-v0.1,C,R,R
1330,張育保,player-profile-v0.1,CF,L,R
1331,林聖凱,player-profile-v0.1,C,R,R
1332,柏頓,player-profile-v0.1,LF,R,R
1333,潘武雄,player-profile-v0.1,LF,L,L
1334,陳志偉,player-profile-v0.1,3B,R,R
1335,凃壯勳,player-profile-v0.1,C,R,R
1336,曾鏡峰,player-profile-v0.1,CF,R,R
1337,尼爾森,player-profile-v0.1,3B,S,R
1338,劉家豪,player-profile-v0.1,C,L,R
1339,巴斯,player-profile-v0.1,RF,L,L
1340,曾家賢,player-profile-v0.1,1B,R,R
1341,卡猛士,player-profile-v0.1,LF,L,R
1342,黃浩然,player-profile-v0.1,C,R,R
1343,詹姆士,player-profile-v0.1,3B,R,R
1344,胡進夫,player-profile-v0.1,SS,R,R
1345,許智強,player-profile-v0.1,RF,R,R
1346,剛雷,player-profile-v0.1,P,R,R
1347,黃俊中,player-profile-v0.1,P,R,R
1348,張賢智,player-profile-v0.1,P,R,R
1349,鄭博壬,player-profile-v0.1,P,R,R
1350,威格斯,player-profile-v0.1,P,R,R
1351,蔡英峰,player-profile-v0.1,P,R,R
1352,雷鵬,player-profile-v0.1,P,R,R
1353,陳家鴻,player-profile-v0.1,P,R,R
1354,葉詠捷,player-profile-v0.1,P,R,R
1355,威霸,player-profile-v0.1,P,R,R
1356,愛力克,player-profile-v0.1,P,L,L
1357,盧銘銓,player-profile-v0.1,P,R,R
1358,捷猛士,player-profile-v0.1,P,R,R
1359,林正豐,player-profile-v0.1,P,R,R
1360,布拉克,player-profile-v0.1,P,R,R
1361,杜寅傑,player-profile-v0.1,P,R,R
1362,蘇哲毅,player-profile-v0.1,P,R,R
1363,喬伊,player-profile-v0.1,P,R,R
1364,史帝夫,player-profile-v0.1,P,L,L
1365,威勇,player-profile-v0.1,P,R,R
1366,羅伯森,player-profile-v0.1,P,L,L
1367,大德,player-profile-v0.1,P,R,R
1368,塔尼,player-profile-v0.1,P,R,R
1369,竹清剛治,player-profile-v0.1,P,R,R
1370,米那亞,player-profile-v0.1,P,R,R
1371,亞力士,player-profile-v0.1,P,L,L
1372,鄭志強,player-profile-v0.1,P,R,R
1373,江柏青,player-profile-v0.1,P,L,L
1374,韓森,player-profile-v0.1,P,R,R
1375,艾迪,player-profile-v0.1,P,R,R
1376,德瑞克,player-profile-v0.1,P,L,L
1377,羅伯特,player-profile-v0.1,P,R,R
1378,馬丁尼茲,player-profile-v0.1,P,R,R
1379,飛銳,player-profile-v0.1,P,R,R
1380,比爾,player-profile-v0.1,P,L,L
1381,布萊恩,player-profile-v0.1,P,L,L
1382,鄭閔韓,player-profile-v0.1,P,R,R
1383,聖地牙哥,player-profile-v0.1,P,R,R
1384,費南德茲,player-profile-v0.1,P,R,R
1385,巴克斯,player-profile-v0.1,P,R,R
1386,凱斯特,player-profile-v0.1,P,R,R
1387,瓦茲,player-profile-v0.1,P,R,R
1388,中村隼人,player-profile-v0.1,P,R,R
1389,許人介,player-profile-v0.1,CF,R,R
1390,陳江和,player-profile-v0.1,2B,R,R
1391,林津平,player-profile-v0.1,3B,R,R
1392,卡洛斯,player-profile-v0.1,1B,R,R
1393,吳柏宏,player-profile-v0.1,3B,R,R
1394,鍾家寶,player-profile-v0.1,C,R,R
1395,考菲,player-profile-v0.1,3B,L,R
1396,鄭乃文,player-profile-v0.1,1B,R,R
1397,東尼,player-profile-v0.1,LF,R,R
1398,剛力士,player-profile-v0.1,RF,R,R
1399,藤本博史,player-profile-v0.1,C,L,R
1400,王勇熙,player-profile-v0.1,LF,R,R
1401,陳意忠,player-profile-v0.1,1B,R,R
1402,蔡宗佑,player-profile-v0.1,3B,R,R
1403,力歐,player-profile-v0.1,3B,R,R
1404,萬德祥,player-profile-v0.1,RF,L,L
1405,楊博超,player-profile-v0.1,C,R,R
1406,馬帝那,player-profile-v0.1,RF,S,R
1407,霸龍,player-profile-v0.1,1B,R,R
1408,潘瑞勳,player-profile-v0.1,2B,R,R
1409,洪榮宏,player-profile-v0.1,3B,R,R
1410,王鵬齊,player-profile-v0.1,2B,R,R
1411,栗田雄介,player-profile-v0.1,P,L,L
1412,米克,player-profile-v0.1,P,R,R
1413,倪福德,player-profile-v0.1,P,L,L
1414,勞力士,player-profile-v0.1,P,R,R
1415,潘俊榮,player-profile-v0.1,P,L,L
1416,泰德,player-profile-v0.1,P,L,L
1417,凱文,player-profile-v0.1,P,L,L
1418,彼得,player-profile-v0.1,P,R,R
1419,銳斯,player-profile-v0.1,P,L,L
1420,井場友和,player-profile-v0.1,P,R,R
1421,葉丁仁,player-profile-v0.1,P,L,L
1422,傑樂米,player-profile-v0.1,P,R,R
1423,林敬民,player-profile-v0.1,P,R,R
1424,芝草宇宙,player-profile-v0.1,P,R,R
1425,尼克,player-profile-v0.1,P,L,L
1426,沙拉登,player-profile-v0.1,P,R,R
1427,胡竣傑,player-profile-v0.1,P,R,R
1428,布萊恩,player-profile-v0.1,P,R,R
1429,安狄,player-profile-v0.1,P,R,L
1430,派特,player-profile-v0.1,P,R,R
1431,柯德曼,player-profile-v0.1,P,R,R
1432,羅銳,player-profile-v0.1,P,L,L
1433,鈴木誠,player-profile-v0.1,P,R,R
1434,方冠森,player-profile-v0.1,SS,R,R
1435,金濟斌,player-profile-v0.1,P,R,R
1436,韋恩,player-profile-v0.1,P,L,L
1437,卡斯帝,player-profile-v0.1,P,R,R
1438,銳克,player-profile-v0.1,P,L,L
1439,費古洛,player-profile-v0.1,P,R,R
1440,大衛,player-profile-v0.1,P,L,L
1441,昂斯,player-profile-v0.1,P,R,R
1442,馬帝茲,player-profile-v0.1,P,L,L
1443,猛克,player-profile-v0.1,P,L,L
1444,艾銳達,player-profile-v0.1,P,L,L
1445,羅德,player-profile-v0.1,P,L,L
1446,威爾,player-profile-v0.1,P,L,L
1447,坎諾,player-profile-v0.1,P,L,L
1448,飛雷,player-profile-v0.1,P,L,L
1449,克里斯,player-profile-v0.1,P,R,R
1450,銳猛,player-profile-v0.1,P,R,R
1451,喬帥,player-profile-v0.1,P,R,R
1452,胡軒溢,player-profile-v0.1,P,L,L
1453,陳彥銘,player-profile-v0.1,P,R,R
1454,安德魯,player-profile-v0.1,P,R,R
1455,李義偉,player-profile-v0.1,C,R,R
1456,吳家輝,player-profile-v0.1,CF,R,R
1457,黃政琦,player-profile-v0.1,RF,L,L
1458,霸漢,player-profile-v0.1,RF,L,L
1459,林錦章,player-profile-v0.1,LF,R,R
1460,林永坤,player-profile-v0.1,SS,R,R
1461,拿破崙,player-profile-v0.1,3B,R,R
1462,康哲瑋,player-profile-v0.1,SS,R,R
1463,林冠仲,player-profile-v0.1,CF,L,L
1464,鍾承祐,player-profile-v0.1,RF,R,R
1465,亞伯汗,player-profile-v0.1,RF,S,R
1466,阿布多,player-profile-v0.1,1B,L,L
1467,陳宗宏,player-profile-v0.1,C,L,R
1468,胡仁偉,player-profile-v0.1,2B,R,R
1469,呂祐華,player-profile-v0.1,LF,R,R
1470,凡托,player-profile-v0.1,RF,R,R
1471,郭俊佑,player-profile-v0.1,LF,R,R
1472,李振男,player-profile-v0.1,CF,R,R
1473,艾力士,player-profile-v0.1,2B,L,R
1474,汪竣泰,player-profile-v0.1,C,R,R
1475,李冠緯,player-profile-v0.1,C,R,R
1476,威鯨,player-profile-v0.1,P,R,R
1477,蔡明晋,player-profile-v0.1,P,R,R
1478,買嘉瑞,player-profile-v0.1,P,R,R
1479,黃宏任,player-profile-v0.1,P,R,R
1480,飛鵬,player-profile-v0.1,P,R,R
1481,林其緯,player-profile-v0.1,P,L,R
1482,賴俊男,player-profile-v0.1,P,L,L
1483,強森,player-profile-v0.1,P,L,R
1484,沈福仁,player-profile-v0.1,1B,R,R
1485,曾嘉敏,player-profile-v0.1,P,R,R
1486,小林亮寛,player-profile-v0.1,P,R,R
1487,陳建輔,player-profile-v0.1,P,L,L
1488,顏志中,player-profile-v0.1,P,R,R
1489,高敏靜,player-profile-v0.1,P,R,R
1490,張誌家,player-profile-v0.1,P,R,R
1491,波特,player-profile-v0.1,P,R,R
1492,丹尼,player-profile-v0.1,P,R,R
1493,黃榮義,player-profile-v0.1,P,R,R
1494,潘忠孝,player-profile-v0.1,P,L,L
1495,葛雷,player-profile-v0.1,P,R,R
1496,麥特,player-profile-v0.1,P,L,L
1497,海克曼,player-profile-v0.1,P,R,R
1498,安立奎,player-profile-v0.1,P,L,L
1499,布萊德,player-profile-v0.1,P,L,L
1500,鄭余亮,player-profile-v0.1,P,R,R
1501,雷霸龍,player-profile-v0.1,P,L,R
1502,瑞琦,player-profile-v0.1,P,R,R
1503,海克特,player-profile-v0.1,P,R,R
1504,克隆尼,player-profile-v0.1,P,L,L
1505,片山文男,player-profile-v0.1,P,R,R
1506,夏威茲,player-profile-v0.1,P,R,R
1507,沃斯,player-profile-v0.1,P,R,R
1508,尤清韋,player-profile-v0.1,P,R,R
1509,韋伯,player-profile-v0.1,P,R,R
1510,康明斯,player-profile-v0.1,P,R,R
1511,史帝夫,player-profile-v0.1,P,R,L
1512,愛倫,player-profile-v0.1,P,L,L
1513,亞當,player-profile-v0.1,P,L,L
1514,保羅,player-profile-v0.1,P,R,L
1515,郭建宏,player-profile-v0.1,P,R,R
1516,王豐鑫,player-profile-v0.1,P,R,R
1517,麥克,player-profile-v0.1,P,R,R
1518,凱斯,player-profile-v0.1,P,L,L
1519,林益全,player-profile-v0.1,1B,L,R
1520,詹智堯,player-profile-v0.1,CF,L,L
1521,楊宗範,player-profile-v0.1,RF,L,R
1522,卡斯提,player-profile-v0.1,3B,R,R
1523,劉育辰,player-profile-v0.1,3B,R,R
1524,酷力士,player-profile-v0.1,RF,L,L
1525,黃志祥,player-profile-v0.1,3B,R,R
1526,劉裕安,player-profile-v0.1,LF,L,R
1527,霸茲,player-profile-v0.1,RF,R,R
1528,謝明宗,player-profile-v0.1,3B,R,R
1529,華盛頓,player-profile-v0.1,3B,L,R
1530,黃光永,player-profile-v0.1,C,R,R
1531,戈登,player-profile-v0.1,1B,R,R
1532,林家緯,player-profile-v0.1,C,R,R
1533,雷恩斯,player-profile-v0.1,RF,S,R
1534,耿伯軒,player-profile-v0.1,P,R,R
1535,許銘倢,player-profile-v0.1,P,R,R
1536,李濠任,player-profile-v0.1,P,R,R
1537,庫倫,player-profile-v0.1,P,L,L
1538,林克謙,player-profile-v0.1,P,R,R
1539,正田樹,player-profile-v0.1,P,L,L
1540,雷克斯,player-profile-v0.1,P,R,R
1541,郭健瑜,player-profile-v0.1,LF,R,R
1542,沃樂,player-profile-v0.1,P,R,R
1543,曹錦輝,player-profile-v0.1,P,R,R
1544,麥克,player-profile-v0.1,P,R,R
1545,李瑋華,player-profile-v0.1,P,L,L
1546,雷卡多,player-profile-v0.1,P,R,R
1547,克里斯,player-profile-v0.1,P,R,R
1548,米奇,player-profile-v0.1,P,R,R
1549,王建勛,player-profile-v0.1,P,L,L
1550,姜建銘,player-profile-v0.1,1B,R,R
1551,吳政憲,player-profile-v0.1,P,R,R
1552,馬提茲,player-profile-v0.1,P,R,R
1553,麥迪生,player-profile-v0.1,P,R,R
1554,伊代野貴照,player-profile-v0.1,P,R,R
1555,戰銳龍,player-profile-v0.1,P,R,R
1556,奇威,player-profile-v0.1,P,R,R
1557,羅倫佐,player-profile-v0.1,P,L,L
1558,米勒,player-profile-v0.1,P,R,R
1559,希爾法,player-profile-v0.1,P,R,R
1560,李金木,player-profile-v0.1,P,R,R
1561,張正偉,player-profile-v0.1,RF,L,L
1562,陳彥夆,player-profile-v0.1,SS,R,R
1563,吳宗峻,player-profile-v0.1,LF,L,L
1564,馬修,player-profile-v0.1,3B,R,R
1565,簡富智,player-profile-v0.1,RF,R,R
1566,周廣勝,player-profile-v0.1,2B,R,R
1567,朱偉銘,player-profile-v0.1,SS,R,R
1568,亨利,player-profile-v0.1,2B,S,R
1569,宇招任,player-profile-v0.1,3B,R,R
1570,藍少白,player-profile-v0.1,2B,L,R
1571,方克偉,player-profile-v0.1,C,R,R
1572,陳柏丞,player-profile-v0.1,2B,R,R
1573,林椲紘,player-profile-v0.1,LF,R,R
1574,古茲曼,player-profile-v0.1,CF,L,R
1575,羅少鈞,player-profile-v0.1,1B,R,R
1576,何信賢,player-profile-v0.1,RF,L,L
1577,張政憲,player-profile-v0.1,C,R,R
1578,林偉,player-profile-v0.1,C,R,R
1579,威廉,player-profile-v0.1,P,R,R
1580,曾秉緯,player-profile-v0.1,P,R,R
1581,高津臣吾,player-profile-v0.1,P,R,R
1582,張耿豪,player-profile-v0.1,P,R,R
1583,威力烈,player-profile-v0.1,P,L,L
1584,黃佳明,player-profile-v0.1,P,R,R
1585,羅曼,player-profile-v0.1,P,S,R
1586,麥格倫,player-profile-v0.1,P,R,R
1587,銳,player-profile-v0.1,P,R,R
1588,梅森,player-profile-v0.1,P,R,R
1589,顏政財,player-profile-v0.1,P,R,R
1590,陳逸宸,player-profile-v0.1,P,R,R
1591,陳子生,player-profile-v0.1,P,R,R
1592,威力,player-profile-v0.1,P,L,L
1593,麥克,player-profile-v0.1,P,L,L
1594,蕭宇奇,player-profile-v0.1,P,L,L
1595,曾保羅,player-profile-v0.1,P,R,R
1596,桑奇斯,player-profile-v0.1,P,L,L
1597,索普,player-profile-v0.1,P,R,R
1598,鄧志永,player-profile-v0.1,P,R,R
1599,悍猛,player-profile-v0.1,P,R,L
1600,班尼,player-profile-v0.1,P,L,L
1601,格林,player-profile-v0.1,P,L,L
1602,哈維爾,player-profile-v0.1,P,R,R
1603,艾力克,player-profile-v0.1,P,R,R
1604,派克,player-profile-v0.1,P,R,L
1605,默菲,player-profile-v0.1,P,R,R
1606,雷歐,player-profile-v0.1,P,R,R
1607,郭嚴文,player-profile-v0.1,1B,L,R
1608,朱元勤,player-profile-v0.1,RF,L,R
1609,林志祥,player-profile-v0.1,2B,L,R
1610,陳威儒,player-profile-v0.1,2B,R,R
1611,林琨笙,player-profile-v0.1,C,R,R
1612,蔡明覺,player-profile-v0.1,2B,R,R
1613,葉竹軒,player-profile-v0.1,2B,R,R
1614,謝炫任,player-profile-v0.1,LF,L,L
1615,林政億,player-profile-v0.1,RF,R,R
1616,楊展旭,player-profile-v0.1,1B,R,R
1617,黃淯暟,player-profile-v0.1,1B,R,R
1618,王湘嵐,player-profile-v0.1,RF,L,L
1619,藍少文,player-profile-v0.1,3B,L,R
1620,溫元川,player-profile-v0.1,C,R,R
1621,林家瑋,player-profile-v0.1,P,L,L
1622,陳煥揚,player-profile-v0.1,P,R,R
1623,官大元,player-profile-v0.1,P,R,R
1624,鄭錡鴻,player-profile-v0.1,P,L,L
1625,鄭承浩,player-profile-v0.1,P,L,L
1626,羅國華,player-profile-v0.1,P,R,R
1627,李居冠,player-profile-v0.1,P,R,R
1628,羅政龍,player-profile-v0.1,P,L,L
1629,羅伯特,player-profile-v0.1,P,R,R
1630,泰勒,player-profile-v0.1,P,L,L
1631,蔡璟豪,player-profile-v0.1,P,R,R
1632,廖文揚,player-profile-v0.1,P,R,R
1633,格林,player-profile-v0.1,P,R,R
1634,杜拉克,player-profile-v0.1,P,R,R
1635,奔薩,player-profile-v0.1,P,R,L
1636,郭駿傑,player-profile-v0.1,P,R,R
1637,邁克爾,player-profile-v0.1,P,R,R
1638,高米茲,player-profile-v0.1,P,R,R
1639,將軍,player-profile-v0.1,P,L,L
1640,買嘉儀,player-profile-v0.1,1B,R,R
1641,增菘瑋,player-profile-v0.1,P,R,R
1642,尤猛,player-profile-v0.1,P,L,L
1643,酷力,player-profile-v0.1,P,R,R
1644,菲力普,player-profile-v0.1,P,L,L
1645,陳偉建,player-profile-v0.1,P,L,L
1646,鄧志偉,player-profile-v0.1,1B,L,R
1647,陳凱倫,player-profile-v0.1,SS,R,R
1648,黃鈞聲,player-profile-v0.1,C,R,R
1649,李育儒,player-profile-v0.1,SS,L,R
1650,陳弘桂,player-profile-v0.1,3B,R,R
1651,黃恩賜,player-profile-v0.1,SS,R,R
1652,徐睿擇,player-profile-v0.1,3B,L,R
1653,紀榮家,player-profile-v0.1,3B,R,R
1654,張淯虎,player-profile-v0.1,3B,R,R
1655,林瑋恩,player-profile-v0.1,SS,R,R
1656,徐育澄,player-profile-v0.1,CF,L,R
1657,*張詠漢,player-profile-v0.1,RF,L,L
1658,林育鴻,player-profile-v0.1,C,R,R
1659,李家駒,player-profile-v0.1,LF,R,R
1660,洪宸宇,player-profile-v0.1,P,L,L
1661,黃智培,player-profile-v0.1,3B,R,R
1662,李祖岑,player-profile-v0.1,CF,L,L
1663,許躍騰,player-profile-v0.1,C,R,R
1664,翁克堯,player-profile-v0.1,2B,R,R
1665,江子健,player-profile-v0.1,C,L,R
1666,陳皓然,player-profile-v0.1,RF,R,R
1667,黃中辰,player-profile-v0.1,P,R,R
1668,傅于剛,player-profile-v0.1,P,R,R
1669,林彥峰,player-profile-v0.1,P,R,R
1670,湯瑪仕,player-profile-v0.1,P,L,L
1671,迪薩猛,player-profile-v0.1,P,R,R
1672,強納森,player-profile-v0.1,P,R,R
1673,林煜清,player-profile-v0.1,P,L,R
1674,鎌田祐哉,player-profile-v0.1,P,R,R
1675,李金龍,player-profile-v0.1,P,R,R
1676,盧劭禹,player-profile-v0.1,P,R,R
1677,林晨樺,player-profile-v0.1,P,R,R
1678,菲利浦,player-profile-v0.1,P,R,R
1679,石孝榮,player-profile-v0.1,P,R,R
1680,黃志龍,player-profile-v0.1,P,R,R
1681,岡薩雷茲,player-profile-v0.1,P,L,L
1682,許文錚,player-profile-v0.1,P,R,R
1683,林旺億,player-profile-v0.1,P,R,R
1684,摩爾,player-profile-v0.1,P,R,R
1685,狄納多,player-profile-v0.1,P,L,L
1686,蔡萬霖,player-profile-v0.1,P,R,R
1687,安東尼,player-profile-v0.1,P,R,R
1688,吳俊逸,player-profile-v0.1,P,R,R
1689,羅力,player-profile-v0.1,P,R,R
1690,馬丁尼茲,player-profile-v0.1,P,R,R
1691,李文斯頓,player-profile-v0.1,P,L,L
1692,戴爾,player-profile-v0.1,P,L,L
1693,黃俊欽,player-profile-v0.1,P,R,R
1694,王嘉誠,player-profile-v0.1,P,R,R
1695,卡雷洛,player-profile-v0.1,P,R,R
1696,邱品睿,player-profile-v0.1,P,L,L
1697,王韋仁,player-profile-v0.1,P,R,R
1698,黃劉清,player-profile-v0.1,P,R,R
1699,唐肇廷,player-profile-v0.1,CF,L,R
1700,高國輝,player-profile-v0.1,LF,R,R
1701,胡金龍,player-profile-v0.1,LF,R,R
1702,王峻杰,player-profile-v0.1,C,R,R
1703,郭修延,player-profile-v0.1,2B,R,R
1704,曼尼,player-profile-v0.1,DH,R,R
1705,猛德拉,player-profile-v0.1,1B,R,R
1706,蔡森夫,player-profile-v0.1,1B,R,R
1707,陽冠威,player-profile-v0.1,1B,R,R
1708,克里斯多福,player-profile-v0.1,3B,R,R
1709,蘇袁億,player-profile-v0.1,3B,S,R
1710,羅國禎,player-profile-v0.1,2B,R,R
1711,真田裕貴,player-profile-v0.1,P,R,R
1712,謝長融,player-profile-v0.1,P,L,L
1713,邱子愷,player-profile-v0.1,P,L,L
1714,柴克,player-profile-v0.1,P,R,R
1715,德本,player-profile-v0.1,P,R,R
1716,陳鴻文,player-profile-v0.1,P,R,R
1717,米吉亞,player-profile-v0.1,P,R,R
1718,吳明旭,player-profile-v0.1,P,R,R
1719,波拉斯,player-profile-v0.1,P,L,L
1720,希克,player-profile-v0.1,P,L,L
1721,強克,player-profile-v0.1,P,R,R
1722,羅錦龍,player-profile-v0.1,P,R,R
1723,路易士,player-profile-v0.1,P,L,L
1724,河本羅柏特,player-profile-v0.1,P,R,R
1725,坎諾,player-profile-v0.1,P,R,R
1726,馬克,player-profile-v0.1,P,R,R
1727,郭文凱,player-profile-v0.1,P,R,R
1728,邦勝,player-profile-v0.1,P,R,R
1729,林柏佑,player-profile-v0.1,P,R,R
1730,王溢正,player-profile-v0.1,P,L,L
1731,尼克,player-profile-v0.1,P,R,R
1732,羅納得,player-profile-v0.1,P,R,R
1733,拿狄,player-profile-v0.1,P,L,L
1734,曾琮萱,player-profile-v0.1,P,R,R
1735,捍力士,player-profile-v0.1,P,R,R
1736,史奈德,player-profile-v0.1,P,L,L
1737,黃緯晟,player-profile-v0.1,P,R,R
1738,馬卡龍,player-profile-v0.1,P,L,R
1739,何寬揚,player-profile-v0.1,P,R,R
1740,巴拉德,player-profile-v0.1,P,L,L
1741,英克,player-profile-v0.1,P,L,L
1742,王英山,player-profile-v0.1,P,R,R
1743,林威廷,player-profile-v0.1,2B,R,R
1744,陳家駒,player-profile-v0.1,C,L,R
1745,羅國龍,player-profile-v0.1,CF,R,R
1746,耐克,player-profile-v0.1,2B,L,R
1747,林威助,player-profile-v0.1,LF,L,L
1748,高孝儀,player-profile-v0.1,RF,R,R
1749,陳偉漢,player-profile-v0.1,2B,R,R
1750,方昶詠,player-profile-v0.1,CF,R,R
1751,方玄宗,player-profile-v0.1,3B,R,R
1752,李那瑞,player-profile-v0.1,3B,R,R
1753,羅培茲,player-profile-v0.1,3B,S,R
1754,王寶篁,player-profile-v0.1,C,R,R
1755,林王啟瑋,player-profile-v0.1,LF,R,R
1756,紀品宏,player-profile-v0.1,CF,L,R
1757,張志強,player-profile-v0.1,2B,L,R
1758,周聖訓,player-profile-v0.1,C,R,R
1759,郭泓志,player-profile-v0.1,P,L,L
1760,林憲章,player-profile-v0.1,C,R,R
1761,薛种帷,player-profile-v0.1,C,R,R
1762,楊家維,player-profile-v0.1,3B,R,R
1763,林羿豪,player-profile-v0.1,P,R,R
1764,林國裕,player-profile-v0.1,P,R,R
1765,王梓安,player-profile-v0.1,P,R,R
1766,蕭一傑,player-profile-v0.1,P,R,R
1767,馬帝斯,player-profile-v0.1,P,R,R
1768,黃柏揚,player-profile-v0.1,C,L,R
1769,許銘傑,player-profile-v0.1,P,R,R
1770,黃勝雄,player-profile-v0.1,P,L,L
1771,偉克,player-profile-v0.1,P,R,R
1772,賈西亞,player-profile-v0.1,P,R,R
1773,*鄭凱文,player-profile-v0.1,P,R,R
1774,王則鈞,player-profile-v0.1,P,R,R
1775,科龍,player-profile-v0.1,P,R,R
1776,寇迪,player-profile-v0.1,P,L,L
1777,猛雷特,player-profile-v0.1,P,L,L
1778,克拉帝,player-profile-v0.1,P,L,L
1779,簡嘉佑,player-profile-v0.1,P,R,R
1780,羅嘉仁,player-profile-v0.1,P,R,R
1781,桑契斯,player-profile-v0.1,P,R,R
1782,湯尼,player-profile-v0.1,P,R,R
1783,賈羅拉加,player-profile-v0.1,P,R,R
1784,洪聖欽,player-profile-v0.1,P,R,R
1785,泰霸,player-profile-v0.1,P,R,R
1786,畢爾,player-profile-v0.1,P,L,L
1787,李韋斯,player-profile-v0.1,P,R,R
1788,邁能,player-profile-v0.1,P,R,R
1789,賴泊凱,player-profile-v0.1,P,R,R
1790,張立帆,player-profile-v0.1,P,R,R
1791,陳冠儒,player-profile-v0.1,P,R,L
1792,林樺慶,player-profile-v0.1,P,R,R
1793,林旺衛,player-profile-v0.1,CF,L,R
1794,佩卓,player-profile-v0.1,SS,S,R
1795,蔣智賢,player-profile-v0.1,3B,L,R
1796,陽耀勳,player-profile-v0.1,RF,L,L
1797,楊承駿,player-profile-v0.1,3B,R,R
1798,潘志芳,player-profile-v0.1,2B,L,R
1799,郭峻偉,player-profile-v0.1,C,R,R
1800,吳國豪,player-profile-v0.1,RF,R,R
1801,李國生,player-profile-v0.1,LF,R,R
1802,莊駿凱,player-profile-v0.1,RF,R,R
1803,*蘇緯達,player-profile-v0.1,1B,L,R
1804,蔡益民,player-profile-v0.1,1B,L,L
1805,曾陶鎔,player-profile-v0.1,RF,R,R
1806,林明杰,player-profile-v0.1,C,R,R
1807,蔡友達,player-profile-v0.1,C,R,R
1808,華納,player-profile-v0.1,P,R,R
1809,藍斯佛,player-profile-v0.1,P,R,R
1810,何南德,player-profile-v0.1,P,R,R
1811,賈斯汀,player-profile-v0.1,P,L,L
1812,克蘭頓,player-profile-v0.1,P,R,R
1813,艾肯,player-profile-v0.1,P,R,R
1814,賽格威,player-profile-v0.1,P,R,R
1815,馬力斯,player-profile-v0.1,P,L,R
1816,明星,player-profile-v0.1,P,L,L
1817,賈希亞,player-profile-v0.1,P,L,L
1818,神盾,player-profile-v0.1,P,L,L
1819,布萊文斯,player-profile-v0.1,P,R,R
1820,史密斯,player-profile-v0.1,P,L,L
1821,義凡,player-profile-v0.1,P,L,L
1822,瓦德茲,player-profile-v0.1,P,R,R
1823,亞力士,player-profile-v0.1,P,R,R
1824,黃思漢,player-profile-v0.1,P,R,R
1825,康崔拉斯,player-profile-v0.1,P,R,R
1826,黃靖幃,player-profile-v0.1,P,L,L
1827,大衛,player-profile-v0.1,P,L,L
1828,銳爾登,player-profile-v0.1,P,R,R
1829,范玉禹,player-profile-v0.1,P,L,R
1830,飛克,player-profile-v0.1,P,R,R
1831,郭恆孝,player-profile-v0.1,P,L,L
1832,張凱倫,player-profile-v0.1,P,R,R
1833,周磊,player-profile-v0.1,P,R,R
1834,尚恩,player-profile-v0.1,P,R,R
1835,*陳衍瑞,player-profile-v0.1,P,R,R
1836,陳敏賜,player-profile-v0.1,1B,R,R
1837,葉家淇,player-profile-v0.1,P,L,L
1838,潘韋辰,player-profile-v0.1,P,R,R
1839,鄭鎧文,player-profile-v0.1,LF,R,R
1840,于森旭,player-profile-v0.1,RF,L,R
1841,吳東融,player-profile-v0.1,2B,R,R
1842,*楊聖均,player-profile-v0.1,1B,R,R
1843,馮健庭,player-profile-v0.1,2B,R,R
1844,飛力士,player-profile-v0.1,CF,L,L
1845,張煒謙,player-profile-v0.1,SS,L,R
1846,蔡奕玄,player-profile-v0.1,SS,R,R
1847,彭識穎,player-profile-v0.1,P,L,L
1848,*羅華韋,player-profile-v0.1,P,L,L
1849,郭勝安,player-profile-v0.1,P,R,R
1850,布魯斯,player-profile-v0.1,P,R,R
1851,力猛,player-profile-v0.1,P,R,R
1852,魔力,player-profile-v0.1,P,R,R
1853,游宗儒,player-profile-v0.1,P,R,R
1854,耐森,player-profile-v0.1,P,R,R
1855,吉爾,player-profile-v0.1,P,R,R
1856,索爾,player-profile-v0.1,P,R,R
1857,凱力,player-profile-v0.1,P,R,R
1858,達斯汀,player-profile-v0.1,P,R,R
1859,拿威,player-profile-v0.1,P,L,L
1860,林政賢,player-profile-v0.1,P,L,L
1861,黃亦志,player-profile-v0.1,P,R,R
1862,王定穎,player-profile-v0.1,P,L,L
1863,道恩斯,player-profile-v0.1,P,R,L
1864,歐文,player-profile-v0.1,P,L,L
1865,史密斯,player-profile-v0.1,P,L,L
1866,潘力,player-profile-v0.1,P,R,R
1867,艾迪頓,player-profile-v0.1,P,R,L
1868,鄭佳銘,player-profile-v0.1,P,L,L
1869,陳育軒,player-profile-v0.1,P,L,R
1870,悍德,player-profile-v0.1,P,R,R
1871,陳明軒,player-profile-v0.1,P,R,R
1872,蘇俊羽,player-profile-v0.1,P,R,R
1873,潘庭豐,player-profile-v0.1,P,L,L
1874,林宗緯,player-profile-v0.1,P,L,L
1875,*肯恩,player-profile-v0.1,P,R,R
1876,歐耀宗,player-profile-v0.1,P,R,R
1877,洪心騏,player-profile-v0.1,P,R,R
1878,張明翔,player-profile-v0.1,P,L,R
1879,陳品捷,player-profile-v0.1,RF,L,R
1880,陳子鴻,player-profile-v0.1,3B,R,R
1881,*廖健富,player-profile-v0.1,1B,L,R
1882,吳桀睿,player-profile-v0.1,1B,R,R
1883,胡宸浩,player-profile-v0.1,C,R,R
1884,吳嘉侑,player-profile-v0.1,2B,L,R
1885,董子浩,player-profile-v0.1,3B,L,R
1886,羅國華,player-profile-v0.1,P,R,R
1887,吳哲源,player-profile-v0.1,P,R,R
1888,福瑞多,player-profile-v0.1,P,R,R
1889,史博威,player-profile-v0.1,P,S,R
1890,林威志,player-profile-v0.1,P,R,R
1891,狄馬克,player-profile-v0.1,P,R,R
1892,尼克斯,player-profile-v0.1,P,R,R
1893,楊志龍,player-profile-v0.1,P,R,R
1894,銳力,player-profile-v0.1,P,L,L
1895,林航,player-profile-v0.1,P,L,L
1896,麥力戈,player-profile-v0.1,P,R,R
1897,泰倫斯,player-profile-v0.1,P,R,R
1898,吳丞哲,player-profile-v0.1,P,R,R
1899,楊達翔,player-profile-v0.1,P,R,R
1900,黃敬瑋,player-profile-v0.1,CF,L,R
1901,江亮緯,player-profile-v0.1,CF,R,R
1902,黃稚峰,player-profile-v0.1,LF,R,R
1903,張偉聖,player-profile-v0.1,CF,L,R
1904,許禹壕,player-profile-v0.1,C,R,R
1905,林志洋,player-profile-v0.1,C,L,R
1906,*陳勤宗,player-profile-v0.1,3B,R,R
1907,林知譽,player-profile-v0.1,LF,R,R
1908,張竣凱,player-profile-v0.1,LF,R,R
1909,萊福力,player-profile-v0.1,P,R,R
1910,瑞安,player-profile-v0.1,P,L,L
1911,羅里奇,player-profile-v0.1,P,R,R
1912,馬丁尼茲,player-profile-v0.1,P,R,R
1913,威拉諾,player-profile-v0.1,P,R,R
1914,張竣龍,player-profile-v0.1,P,R,R
1915,彭璿紘,player-profile-v0.1,P,R,R
1916,喬登,player-profile-v0.1,P,R,R
1917,*歐書誠,player-profile-v0.1,P,R,R
1918,吳世豪,player-profile-v0.1,P,R,R
1919,吳蔚驊,player-profile-v0.1,P,R,R
1920,林逸翔,player-profile-v0.1,P,L,L
1921,知念広弥,player-profile-v0.1,P,L,L
1922,里迪,player-profile-v0.1,3B,R,R
1923,林安可,player-profile-v0.1,RF,L,L
1924,楊晉豪,player-profile-v0.1,2B,L,R
1925,柏納帝那,player-profile-v0.1,CF,L,L
1926,林焌翰,player-profile-v0.1,LF,L,R
1927,邱丹,player-profile-v0.1,CF,L,L
1928,姚雨翔,player-profile-v0.1,1B,L,R
1929,施冠宇,player-profile-v0.1,1B,R,R
1930,艾銳克,player-profile-v0.1,3B,R,R
1931,楊瑞承,player-profile-v0.1,3B,L,R
1932,鄭佳彥,player-profile-v0.1,P,L,L
1933,李茲,player-profile-v0.1,P,R,R
1934,霸林爵,player-profile-v0.1,P,L,L
1935,黃恩賜,player-profile-v0.1,P,L,R
1936,*翁瑋均,player-profile-v0.1,P,L,R
1937,奧斯丁,player-profile-v0.1,P,R,R
1938,亞力克,player-profile-v0.1,P,R,R
1939,*廖乙忠,player-profile-v0.1,P,R,R
1940,赫猛,player-profile-v0.1,P,L,L
1941,索沙,player-profile-v0.1,P,R,R
1942,冠猛,player-profile-v0.1,P,R,R
1943,方建德,player-profile-v0.1,P,R,R
1944,江國謙,player-profile-v0.1,P,R,R
1945,班華德,player-profile-v0.1,P,R,R
1946,*游朝惟,player-profile-v0.1,P,R,R
1947,王奕凱,player-profile-v0.1,P,L,L
1948,多猛,player-profile-v0.1,P,L,L
1949,陳冠傑,player-profile-v0.1,P,R,R
1950,*楊彬,player-profile-v0.1,P,R,R
1951,古林睿煬,player-profile-v0.1,P,R,R
1952,郭力瑋,player-profile-v0.1,P,R,R
1953,王詩聰,player-profile-v0.1,RF,L,R
1954,霸能,player-profile-v0.1,P,S,R
1955,卡本特,player-profile-v0.1,P,L,L
1956,米蘭達,player-profile-v0.1,P,L,L
1957,羅傑斯,player-profile-v0.1,P,R,R
1958,費爾本,player-profile-v0.1,P,L,L
1959,霸威斯,player-profile-v0.1,P,R,L
1960,猛威爾,player-profile-v0.1,P,R,R
1961,泰迪,player-profile-v0.1,P,R,R
1962,達尼爾,player-profile-v0.1,P,L,L
1963,曼恩,player-profile-v0.1,P,L,L
1964,尼寇力,player-profile-v0.1,P,L,L
1965,洛奇,player-profile-v0.1,P,R,R
1966,萬昭清,player-profile-v0.1,SS,R,R
1967,雷艾斯,player-profile-v0.1,P,R,R
1968,奇優力,player-profile-v0.1,P,R,R
1969,張喜凱,player-profile-v0.1,P,R,R
1970,*陳韋霖,player-profile-v0.1,P,R,L
1971,赫雷拉,player-profile-v0.1,CF,S,R
1972,洪瑋漢,player-profile-v0.1,LF,L,L
1973,曾傳昇,player-profile-v0.1,SS,L,R
1974,林驛騰,player-profile-v0.1,LF,S,R
1975,*蕭憶銘,player-profile-v0.1,C,R,R
1976,*全浩瑋,player-profile-v0.1,C,R,R
1977,紐那斯,player-profile-v0.1,3B,R,R
1978,蔡鎮宇,player-profile-v0.1,LF,R,R
1979,邱辰,player-profile-v0.1,RF,R,L
1980,*戴云真,player-profile-v0.1,CF,R,R
1981,牛塏曄,player-profile-v0.1,C,R,R
1982,張皓緯,player-profile-v0.1,2B,R,R
1983,黃紹熙,player-profile-v0.1,2B,S,R
1984,林志綱,player-profile-v0.1,LF,L,R
1985,田澤純一,player-profile-v0.1,P,R,R
1986,*藍愷青,player-profile-v0.1,P,L,L
1987,優瑪,player-profile-v0.1,P,R,R
1988,劉家愷,player-profile-v0.1,P,L,L
1989,加百利,player-profile-v0.1,P,R,R
1990,徐若熙,player-profile-v0.1,P,R,R
1991,#歐飛登,player-profile-v0.1,P,L,L
1992,飛利士,player-profile-v0.1,P,L,L
1993,黃東淯,player-profile-v0.1,P,R,R
1994,蔡明憲,player-profile-v0.1,P,R,R
1995,猛快,player-profile-v0.1,P,R,R
1996,狂威,player-profile-v0.1,P,R,R
1997,傑斯,player-profile-v0.1,P,R,R
1998,布里悍,player-profile-v0.1,P,R,R
1999,吳俊杰,player-profile-v0.1,P,R,R
2000,莊玉彬,player-profile-v0.1,P,R,R
2001,柯西諾,player-profile-v0.1,P,R,R
2002,猛悍,player-profile-v0.1,P,L,L
2003,威迪茲,player-profile-v0.1,P,R,R
2004,格里斯,player-profile-v0.1,P,L,L
2005,劉劭威,player-profile-v0.1,P,R,R
2006,迪倫,player-profile-v0.1,P,R,R
2007,*岳少華,player-profile-v0.1,P,L,R
2008,*范柏絜,player-profile-v0.1,P,R,R
2009,李嘉祥,player-profile-v0.1,P,R,R
2010,高野圭佑,player-profile-v0.1,P,R,R
2011,李承禎,player-profile-v0.1,P,R,R
2012,曾柏融,player-profile-v0.1,P,L,L
2013,陳冠勳,player-profile-v0.1,P,L,L
2014,福來喜,player-profile-v0.1,C,R,R
2015,羅薩,player-profile-v0.1,1B,R,R
2016,谷德溫,player-profile-v0.1,LF,L,R
2017,霸帝士,player-profile-v0.1,LF,R,R
2018,廖柏勳,player-profile-v0.1,CF,R,R
2019,龍德力,player-profile-v0.1,SS,R,R
2020,楊竣翔,player-profile-v0.1,2B,R,R
2021,鈦龍,player-profile-v0.1,LF,R,R
2022,卡洛斯,player-profile-v0.1,3B,L,R
2023,羅薩,player-profile-v0.1,1B,R,R
2024,謝修銓,player-profile-v0.1,SS,R,R
2025,*張肇元,player-profile-v0.1,C,R,R
2026,*林楷錡,player-profile-v0.1,P,L,R
2027,*馬鋼,player-profile-v0.1,3B,R,R
2028,鍾玉成,player-profile-v0.1,RF,L,R
2029,蘇煒智,player-profile-v0.1,C,R,R
2030,魏全,player-profile-v0.1,C,R,R
2031,楊家勝,player-profile-v0.1,3B,L,R
2032,富藍戈,player-profile-v0.1,P,R,R
2033,*楊孟沅,player-profile-v0.1,P,L,L
2034,柯瑞,player-profile-v0.1,P,R,R
2035,范米特,player-profile-v0.1,P,R,R
2036,羅昂,player-profile-v0.1,P,R,R
2037,戈威士,player-profile-v0.1,P,R,R
2038,林丞軒,player-profile-v0.1,P,R,R
2039,牧田和久,player-profile-v0.1,P,S,R
2040,安得勝,player-profile-v0.1,P,R,R
2041,麥力德,player-profile-v0.1,P,R,R
2042,#泰樂,player-profile-v0.1,P,R,R
2043,奧特羅,player-profile-v0.1,P,L,L
2044,必贏多,player-profile-v0.1,P,R,R
2045,宋文華,player-profile-v0.1,P,R,R
2046,*賴知頎,player-profile-v0.1,P,L,R
2047,曹祐齊,player-profile-v0.1,P,R,R
2048,霸曼,player-profile-v0.1,P,L,L
2049,張梓軒,player-profile-v0.1,P,L,L
2050,#李承鴻,player-profile-v0.1,P,R,R
2051,黃勇傳,player-profile-v0.1,2B,L,R
2052,*張聖豪,player-profile-v0.1,C,L,R
2053,毛英傑,player-profile-v0.1,C,R,R
2054,黃鈞麟,player-profile-v0.1,RF,L,L
2055,肯特,player-profile-v0.1,P,L,L
2056,道鉑戈,player-profile-v0.1,P,L,L
2057,霍爾,player-profile-v0.1,P,R,R
2058,錡龍,player-profile-v0.1,P,L,L
2059,威達爾,player-profile-v0.1,P,L,L
2060,雷法,player-profile-v0.1,P,R,R
2061,張景淯,player-profile-v0.1,P,L,L
2062,*徐基麟,player-profile-v0.1,P,R,R
2063,艾里歐,player-profile-v0.1,P,R,R
2064,恩力,player-profile-v0.1,P,L,L
2065,*張祖恩,player-profile-v0.1,P,L,L
2066,布萊威,player-profile-v0.1,P,R,R
2067,蘭道爾,player-profile-v0.1,P,R,R
2068,金安,player-profile-v0.1,P,R,R
2069,瑞恩,player-profile-v0.1,P,R,R
2070,森榮鴻,player-profile-v0.1,P,R,R
2071,伍茲,player-profile-v0.1,P,R,R
2072,馬格文,player-profile-v0.1,P,R,R
2073,黃弘毅,player-profile-v0.1,P,R,R
2074,黃保羅,player-profile-v0.1,P,R,R
2075,*陳聖文,player-profile-v0.1,P,L,L
2076,*黃子宸,player-profile-v0.1,P,L,R
2077,*林華偉,player-profile-v0.1,P,R,R
2078,由規,player-profile-v0.1,P,L,R
2079,葉保弟,player-profile-v0.1,RF,L,L
2080,林禹叡,player-profile-v0.1,CF,L,R
2081,杜禹鋒,player-profile-v0.1,2B,R,R
2082,*潘瑋祥,player-profile-v0.1,CF,L,R
2083,*陳維祥,player-profile-v0.1,LF,L,L
2084,陽念祖,player-profile-v0.1,SS,R,R
2085,周委宏,player-profile-v0.1,2B,L,R
2086,銳歐,player-profile-v0.1,P,L,L
2087,裴瑞茲,player-profile-v0.1,P,R,R
2088,#雷公,player-profile-v0.1,P,L,L
2089,猛登,player-profile-v0.1,P,R,R
2090,*巫柏葳,player-profile-v0.1,P,L,R
2091,哈瑪星,player-profile-v0.1,P,L,L
2092,吉田一将,player-profile-v0.1,P,L,R
2093,布藍登,player-profile-v0.1,P,R,R
2094,*克迪,player-profile-v0.1,P,L,L
2095,*尹柏淮,player-profile-v0.1,P,R,R
2096,鑀龍,player-profile-v0.1,P,L,L
2097,小野寺賢人,player-profile-v0.1,P,R,R
2098,鳥松,player-profile-v0.1,P,R,R
2099,*李家明,player-profile-v0.1,P,L,R
2100,班恩,player-profile-v0.1,P,L,L
2101,#杰戈,player-profile-v0.1,P,R,R
2102,象騎士,player-profile-v0.1,P,R,R
2103,郭俞延,player-profile-v0.1,P,R,R
2104,王柏傑,player-profile-v0.1,P,L,L
2105,笠原祥太郎,player-profile-v0.1,P,L,L
2106,*洪敏暘,player-profile-v0.1,RF,L,L
2107,温展樂,player-profile-v0.1,P,R,R
2108,威斯佛,player-profile-v0.1,P,L,L
2109,陳愷佑,player-profile-v0.1,SS,L,R
2110,廖奕安,player-profile-v0.1,C,R,R
2111,*林莛淯,player-profile-v0.1,CF,L,R
2112,*林威漢,player-profile-v0.1,CF,L,R
2113,*蔡琞傑,player-profile-v0.1,2B,L,R
2114,*黃兆維,player-profile-v0.1,1B,R,R
2115,邱勝宥,player-profile-v0.1,C,R,R
2116,*張誠恩,player-profile-v0.1,P,L,R
2117,力亞士,player-profile-v0.1,P,L,L
2118,黃博多,player-profile-v0.1,P,R,R
2119,蒙德茲,player-profile-v0.1,P,L,L
2120,龍聖,player-profile-v0.1,P,L,L
2121,波賽樂,player-profile-v0.1,P,R,R
2122,石萬金,player-profile-v0.1,P,R,R
2123,李博登,player-profile-v0.1,P,L,L
2124,霸鉧德,player-profile-v0.1,P,L,L
2125,奧德銳,player-profile-v0.1,P,L,L
2126,鎛銳,player-profile-v0.1,P,R,R
2127,那瑪夏,player-profile-v0.1,P,R,R
2128,*曾奕翔,player-profile-v0.1,P,L,L
2129,◎櫻井周斗,player-profile-v0.1,P,L,L
2130,黃勃睿,player-profile-v0.1,P,R,R
2131,韋禮加,player-profile-v0.1,P,R,R
2132,柯威士,player-profile-v0.1,P,S,R
2133,凱樂,player-profile-v0.1,P,R,L
2134,*陳志杰,player-profile-v0.1,P,R,R
2135,李承風,player-profile-v0.1,P,R,R
2136,馮皓,player-profile-v0.1,P,R,R
2137,*王宇翔,player-profile-v0.1,P,R,R
2138,林易霆,player-profile-v0.1,P,L,L
